{
  "type": "FeatureCollection",
  "features": [
    {
      "type": "Feature",
      "geometry": {
        "type": "Point",
        "coordinates": [
          36.359905,
          -0.8957045
        ]
      },
      "properties": {
        "name": "Kaparatania View Point",
        "category": "TOURISM",
        "osm_type": "node",
        "osm_id": 413574643,
        "address": "",
        "phone": "",
        "email": "",
        "website": "",
        "opening_hours": "",
        "description": "",
        "wikipedia": "",
        "wikidata": "",
        "osm_url": "https://www.openstreetmap.org/node/413574643",
        "operator": "",
        "cuisine": "",
        "religion": "",
        "denomination": "",
        "tourism": "viewpoint",
        "amenity": "",
        "historic": "",
        "leisure": ""
      }
    },
    {
      "type": "Feature",
      "geometry": {
        "type": "Point",
        "coordinates": [
          36.0560605,
          -0.3577079
        ]
      },
      "properties": {
        "name": "Baboon Cliff View Point",
        "category": "TOURISM",
        "osm_type": "node",
        "osm_id": 415895276,
        "address": "",
        "phone": "",
        "email": "",
        "website": "",
        "opening_hours": "",
        "description": "",
        "wikipedia": "",
        "wikidata": "",
        "osm_url": "https://www.openstreetmap.org/node/415895276",
        "operator": "",
        "cuisine": "",
        "religion": "",
        "denomination": "",
        "tourism": "viewpoint",
        "amenity": "",
        "historic": "",
        "leisure": ""
      }
    },
    {
      "type": "Feature",
      "geometry": {
        "type": "Point",
        "coordinates": [
          36.0809116,
          -0.4918388
        ]
      },
      "properties": {
        "name": "Makalia Falls viewpoint",
        "category": "TOURISM",
        "osm_type": "node",
        "osm_id": 472267376,
        "address": "",
        "phone": "",
        "email": "",
        "website": "",
        "opening_hours": "",
        "description": "",
        "wikipedia": "",
        "wikidata": "",
        "osm_url": "https://www.openstreetmap.org/node/472267376",
        "operator": "",
        "cuisine": "",
        "religion": "",
        "denomination": "",
        "tourism": "viewpoint",
        "amenity": "",
        "historic": "",
        "leisure": ""
      }
    },
    {
      "type": "Feature",
      "geometry": {
        "type": "Point",
        "coordinates": [
          36.2923067,
          -0.8570322
        ]
      },
      "properties": {
        "name": "Olkaria Gate",
        "category": "TOURISM",
        "osm_type": "node",
        "osm_id": 604235543,
        "address": "",
        "phone": "",
        "email": "",
        "website": "",
        "opening_hours": "",
        "description": "",
        "wikipedia": "",
        "wikidata": "",
        "osm_url": "https://www.openstreetmap.org/node/604235543",
        "operator": "",
        "cuisine": "",
        "religion": "",
        "denomination": "",
        "tourism": "attraction",
        "amenity": "",
        "historic": "",
        "leisure": ""
      }
    },
    {
      "type": "Feature",
      "geometry": {
        "type": "Point",
        "coordinates": [
          36.2731005,
          -0.9048148
        ]
      },
      "properties": {
        "name": "Narasha Gate",
        "category": "TOURISM",
        "osm_type": "node",
        "osm_id": 604235544,
        "address": "",
        "phone": "",
        "email": "",
        "website": "",
        "opening_hours": "",
        "description": "",
        "wikipedia": "",
        "wikidata": "",
        "osm_url": "https://www.openstreetmap.org/node/604235544",
        "operator": "",
        "cuisine": "",
        "religion": "",
        "denomination": "",
        "tourism": "attraction",
        "amenity": "",
        "historic": "",
        "leisure": ""
      }
    },
    {
      "type": "Feature",
      "geometry": {
        "type": "Point",
        "coordinates": [
          36.0559582,
          -0.3579704
        ]
      },
      "properties": {
        "name": "Baboon Cliff",
        "category": "TOURISM",
        "osm_type": "node",
        "osm_id": 1404778468,
        "address": "",
        "phone": "",
        "email": "",
        "website": "",
        "opening_hours": "",
        "description": "",
        "wikipedia": "",
        "wikidata": "",
        "osm_url": "https://www.openstreetmap.org/node/1404778468",
        "operator": "",
        "cuisine": "",
        "religion": "",
        "denomination": "",
        "tourism": "picnic_site",
        "amenity": "",
        "historic": "",
        "leisure": ""
      }
    },
    {
      "type": "Feature",
      "geometry": {
        "type": "Point",
        "coordinates": [
          35.5314904,
          -0.300927
        ]
      },
      "properties": {
        "name": "Information centre",
        "category": "TOURISM",
        "osm_type": "node",
        "osm_id": 2153160673,
        "address": "",
        "phone": "",
        "email": "",
        "website": "",
        "opening_hours": "",
        "description": "",
        "wikipedia": "",
        "wikidata": "",
        "osm_url": "https://www.openstreetmap.org/node/2153160673",
        "operator": "",
        "cuisine": "",
        "religion": "",
        "denomination": "",
        "tourism": "information",
        "amenity": "",
        "historic": "",
        "leisure": ""
      }
    },
    {
      "type": "Feature",
      "geometry": {
        "type": "Point",
        "coordinates": [
          36.0577615,
          -0.4044723
        ]
      },
      "properties": {
        "name": "Out of Africa Picnic Site",
        "category": "TOURISM",
        "osm_type": "node",
        "osm_id": 2696157660,
        "address": "",
        "phone": "",
        "email": "",
        "website": "",
        "opening_hours": "",
        "description": "",
        "wikipedia": "",
        "wikidata": "",
        "osm_url": "https://www.openstreetmap.org/node/2696157660",
        "operator": "",
        "cuisine": "",
        "religion": "",
        "denomination": "",
        "tourism": "picnic_site",
        "amenity": "",
        "historic": "",
        "leisure": ""
      }
    },
    {
      "type": "Feature",
      "geometry": {
        "type": "Point",
        "coordinates": [
          36.3227457,
          -0.8820202
        ]
      },
      "properties": {
        "name": "Cliff Base picnic site",
        "category": "TOURISM",
        "osm_type": "node",
        "osm_id": 4349394892,
        "address": "",
        "phone": "",
        "email": "",
        "website": "",
        "opening_hours": "",
        "description": "",
        "wikipedia": "",
        "wikidata": "",
        "osm_url": "https://www.openstreetmap.org/node/4349394892",
        "operator": "",
        "cuisine": "",
        "religion": "",
        "denomination": "",
        "tourism": "picnic_site",
        "amenity": "",
        "historic": "",
        "leisure": ""
      }
    },
    {
      "type": "Feature",
      "geometry": {
        "type": "Point",
        "coordinates": [
          36.3254494,
          -0.889154
        ]
      },
      "properties": {
        "name": "Picinic site at end of Buffalo Circuit",
        "category": "TOURISM",
        "osm_type": "node",
        "osm_id": 4349398080,
        "address": "",
        "phone": "",
        "email": "",
        "website": "",
        "opening_hours": "",
        "description": "",
        "wikipedia": "",
        "wikidata": "",
        "osm_url": "https://www.openstreetmap.org/node/4349398080",
        "operator": "",
        "cuisine": "",
        "religion": "",
        "denomination": "",
        "tourism": "picnic_site",
        "amenity": "",
        "historic": "",
        "leisure": ""
      }
    },
    {
      "type": "Feature",
      "geometry": {
        "type": "Point",
        "coordinates": [
          36.2846798,
          -0.8822133
        ]
      },
      "properties": {
        "name": "Hobley's Volcano Viewpoint",
        "category": "TOURISM",
        "osm_type": "node",
        "osm_id": 4349420604,
        "address": "",
        "phone": "",
        "email": "",
        "website": "",
        "opening_hours": "",
        "description": "",
        "wikipedia": "",
        "wikidata": "",
        "osm_url": "https://www.openstreetmap.org/node/4349420604",
        "operator": "",
        "cuisine": "",
        "religion": "",
        "denomination": "",
        "tourism": "viewpoint",
        "amenity": "",
        "historic": "",
        "leisure": ""
      }
    },
    {
      "type": "Feature",
      "geometry": {
        "type": "Point",
        "coordinates": [
          36.2872225,
          -0.8766349
        ]
      },
      "properties": {
        "name": "fumarole",
        "category": "TOURISM",
        "osm_type": "node",
        "osm_id": 4349421106,
        "address": "",
        "phone": "",
        "email": "",
        "website": "",
        "opening_hours": "",
        "description": "",
        "wikipedia": "",
        "wikidata": "",
        "osm_url": "https://www.openstreetmap.org/node/4349421106",
        "operator": "",
        "cuisine": "",
        "religion": "",
        "denomination": "",
        "tourism": "viewpoint",
        "amenity": "",
        "historic": "",
        "leisure": ""
      }
    },
    {
      "type": "Feature",
      "geometry": {
        "type": "Point",
        "coordinates": [
          36.2867505,
          -0.8777399
        ]
      },
      "properties": {
        "name": "fumarole",
        "category": "TOURISM",
        "osm_type": "node",
        "osm_id": 4349421130,
        "address": "",
        "phone": "",
        "email": "",
        "website": "",
        "opening_hours": "",
        "description": "",
        "wikipedia": "",
        "wikidata": "",
        "osm_url": "https://www.openstreetmap.org/node/4349421130",
        "operator": "",
        "cuisine": "",
        "religion": "",
        "denomination": "",
        "tourism": "viewpoint",
        "amenity": "",
        "historic": "",
        "leisure": ""
      }
    },
    {
      "type": "Feature",
      "geometry": {
        "type": "Point",
        "coordinates": [
          36.2865037,
          -0.8791237
        ]
      },
      "properties": {
        "name": "fumarole",
        "category": "TOURISM",
        "osm_type": "node",
        "osm_id": 4349422189,
        "address": "",
        "phone": "",
        "email": "",
        "website": "",
        "opening_hours": "",
        "description": "",
        "wikipedia": "",
        "wikidata": "",
        "osm_url": "https://www.openstreetmap.org/node/4349422189",
        "operator": "",
        "cuisine": "",
        "religion": "",
        "denomination": "",
        "tourism": "viewpoint",
        "amenity": "",
        "historic": "",
        "leisure": ""
      }
    },
    {
      "type": "Feature",
      "geometry": {
        "type": "Point",
        "coordinates": [
          36.2532229,
          -0.8787805
        ]
      },
      "properties": {
        "name": "Hell's Kitchen",
        "category": "TOURISM",
        "osm_type": "node",
        "osm_id": 4349422206,
        "address": "",
        "phone": "",
        "email": "",
        "website": "",
        "opening_hours": "",
        "description": "",
        "wikipedia": "",
        "wikidata": "",
        "osm_url": "https://www.openstreetmap.org/node/4349422206",
        "operator": "",
        "cuisine": "",
        "religion": "",
        "denomination": "",
        "tourism": "picnic_site",
        "amenity": "",
        "historic": "",
        "leisure": ""
      }
    },
    {
      "type": "Feature",
      "geometry": {
        "type": "Point",
        "coordinates": [
          36.1297321,
          -0.3375179
        ]
      },
      "properties": {
        "name": "Lion HIíll Viewpoint",
        "category": "TOURISM",
        "osm_type": "node",
        "osm_id": 4349443589,
        "address": "",
        "phone": "",
        "email": "",
        "website": "",
        "opening_hours": "",
        "description": "",
        "wikipedia": "",
        "wikidata": "",
        "osm_url": "https://www.openstreetmap.org/node/4349443589",
        "operator": "",
        "cuisine": "",
        "religion": "",
        "denomination": "",
        "tourism": "viewpoint",
        "amenity": "",
        "historic": "",
        "leisure": ""
      }
    },
    {
      "type": "Feature",
      "geometry": {
        "type": "Point",
        "coordinates": [
          36.1163444,
          -0.4108625
        ]
      },
      "properties": {
        "name": "Causeway Viewpoint",
        "category": "TOURISM",
        "osm_type": "node",
        "osm_id": 4349444899,
        "address": "",
        "phone": "",
        "email": "",
        "website": "",
        "opening_hours": "",
        "description": "",
        "wikipedia": "",
        "wikidata": "",
        "osm_url": "https://www.openstreetmap.org/node/4349444899",
        "operator": "",
        "cuisine": "",
        "religion": "",
        "denomination": "",
        "tourism": "viewpoint",
        "amenity": "",
        "historic": "",
        "leisure": ""
      }
    },
    {
      "type": "Feature",
      "geometry": {
        "type": "Point",
        "coordinates": [
          36.0837857,
          -0.3092385
        ]
      },
      "properties": {
        "name": "Main Gate",
        "category": "TOURISM",
        "osm_type": "node",
        "osm_id": 4349452628,
        "address": "",
        "phone": "",
        "email": "",
        "website": "",
        "opening_hours": "",
        "description": "",
        "wikipedia": "",
        "wikidata": "",
        "osm_url": "https://www.openstreetmap.org/node/4349452628",
        "operator": "",
        "cuisine": "",
        "religion": "",
        "denomination": "",
        "tourism": "information",
        "amenity": "",
        "historic": "",
        "leisure": ""
      }
    },
    {
      "type": "Feature",
      "geometry": {
        "type": "Point",
        "coordinates": [
          36.0804892,
          -0.4920591
        ]
      },
      "properties": {
        "name": "Makalia Falls",
        "category": "TOURISM",
        "osm_type": "node",
        "osm_id": 4466970534,
        "address": "",
        "phone": "",
        "email": "",
        "website": "",
        "opening_hours": "",
        "description": "",
        "wikipedia": "",
        "wikidata": "",
        "osm_url": "https://www.openstreetmap.org/node/4466970534",
        "operator": "",
        "cuisine": "",
        "religion": "",
        "denomination": "",
        "tourism": "attraction",
        "amenity": "",
        "historic": "",
        "leisure": ""
      }
    },
    {
      "type": "Feature",
      "geometry": {
        "type": "Point",
        "coordinates": [
          36.2586534,
          -0.7820695
        ]
      },
      "properties": {
        "name": "Crater lake Viewpoint",
        "category": "TOURISM",
        "osm_type": "node",
        "osm_id": 4472388114,
        "address": "",
        "phone": "",
        "email": "",
        "website": "",
        "opening_hours": "",
        "description": "",
        "wikipedia": "",
        "wikidata": "",
        "osm_url": "https://www.openstreetmap.org/node/4472388114",
        "operator": "",
        "cuisine": "",
        "religion": "",
        "denomination": "",
        "tourism": "viewpoint",
        "amenity": "",
        "historic": "",
        "leisure": ""
      }
    },
    {
      "type": "Feature",
      "geometry": {
        "type": "Point",
        "coordinates": [
          36.2680197,
          -0.3978796
        ]
      },
      "properties": {
        "name": "View on lake",
        "category": "TOURISM",
        "osm_type": "node",
        "osm_id": 4537892992,
        "address": "",
        "phone": "",
        "email": "",
        "website": "",
        "opening_hours": "",
        "description": "",
        "wikipedia": "",
        "wikidata": "",
        "osm_url": "https://www.openstreetmap.org/node/4537892992",
        "operator": "",
        "cuisine": "",
        "religion": "",
        "denomination": "",
        "tourism": "viewpoint",
        "amenity": "",
        "historic": "",
        "leisure": ""
      }
    },
    {
      "type": "Feature",
      "geometry": {
        "type": "Point",
        "coordinates": [
          36.3215149,
          -0.8923131
        ]
      },
      "properties": {
        "name": "Maibeni Picnic Site",
        "category": "TOURISM",
        "osm_type": "node",
        "osm_id": 4549349862,
        "address": "",
        "phone": "",
        "email": "",
        "website": "",
        "opening_hours": "",
        "description": "",
        "wikipedia": "",
        "wikidata": "",
        "osm_url": "https://www.openstreetmap.org/node/4549349862",
        "operator": "",
        "cuisine": "",
        "religion": "",
        "denomination": "",
        "tourism": "picnic_site",
        "amenity": "",
        "historic": "",
        "leisure": ""
      }
    },
    {
      "type": "Feature",
      "geometry": {
        "type": "Point",
        "coordinates": [
          36.3240386,
          -0.81547
        ]
      },
      "properties": {
        "name": "Hippo Point Boat Riding",
        "category": "TOURISM",
        "osm_type": "node",
        "osm_id": 4845863657,
        "address": "",
        "phone": "",
        "email": "",
        "website": "",
        "opening_hours": "",
        "description": "",
        "wikipedia": "",
        "wikidata": "",
        "osm_url": "https://www.openstreetmap.org/node/4845863657",
        "operator": "",
        "cuisine": "",
        "religion": "",
        "denomination": "",
        "tourism": "attraction",
        "amenity": "",
        "historic": "",
        "leisure": ""
      }
    },
    {
      "type": "Feature",
      "geometry": {
        "type": "Point",
        "coordinates": [
          36.3193672,
          -0.8465926
        ]
      },
      "properties": {
        "name": "Lake view point",
        "category": "TOURISM",
        "osm_type": "node",
        "osm_id": 4854331044,
        "address": "",
        "phone": "",
        "email": "",
        "website": "",
        "opening_hours": "",
        "description": "",
        "wikipedia": "",
        "wikidata": "",
        "osm_url": "https://www.openstreetmap.org/node/4854331044",
        "operator": "",
        "cuisine": "",
        "religion": "",
        "denomination": "",
        "tourism": "viewpoint",
        "amenity": "",
        "historic": "",
        "leisure": ""
      }
    },
    {
      "type": "Feature",
      "geometry": {
        "type": "Point",
        "coordinates": [
          36.1376352,
          -0.4217275
        ]
      },
      "properties": {
        "name": "Nderit Gate Lake Nakuru National Park",
        "category": "TOURISM",
        "osm_type": "node",
        "osm_id": 5380214721,
        "address": "",
        "phone": "",
        "email": "",
        "website": "",
        "opening_hours": "",
        "description": "",
        "wikipedia": "",
        "wikidata": "",
        "osm_url": "https://www.openstreetmap.org/node/5380214721",
        "operator": "",
        "cuisine": "",
        "religion": "",
        "denomination": "",
        "tourism": "attraction",
        "amenity": "",
        "historic": "",
        "leisure": ""
      }
    },
    {
      "type": "Feature",
      "geometry": {
        "type": "Point",
        "coordinates": [
          36.4614575,
          -0.9039808
        ]
      },
      "properties": {
        "name": "Lake Viewpoint",
        "category": "TOURISM",
        "osm_type": "node",
        "osm_id": 5518735167,
        "address": "",
        "phone": "",
        "email": "",
        "website": "",
        "opening_hours": "",
        "description": "",
        "wikipedia": "",
        "wikidata": "",
        "osm_url": "https://www.openstreetmap.org/node/5518735167",
        "operator": "",
        "cuisine": "",
        "religion": "",
        "denomination": "",
        "tourism": "viewpoint",
        "amenity": "",
        "historic": "",
        "leisure": ""
      }
    },
    {
      "type": "Feature",
      "geometry": {
        "type": "Point",
        "coordinates": [
          36.1296399,
          -0.3375714
        ]
      },
      "properties": {
        "name": "Lion Hill Picnic Site",
        "category": "TOURISM",
        "osm_type": "node",
        "osm_id": 5520066333,
        "address": "",
        "phone": "",
        "email": "",
        "website": "",
        "opening_hours": "",
        "description": "",
        "wikipedia": "",
        "wikidata": "",
        "osm_url": "https://www.openstreetmap.org/node/5520066333",
        "operator": "",
        "cuisine": "",
        "religion": "",
        "denomination": "",
        "tourism": "picnic_site",
        "amenity": "",
        "historic": "",
        "leisure": ""
      }
    },
    {
      "type": "Feature",
      "geometry": {
        "type": "Point",
        "coordinates": [
          36.4242555,
          -0.7632749
        ]
      },
      "properties": {
        "name": "Boat Trips",
        "category": "TOURISM",
        "osm_type": "node",
        "osm_id": 5904148285,
        "address": "",
        "phone": "",
        "email": "",
        "website": "",
        "opening_hours": "",
        "description": "",
        "wikipedia": "",
        "wikidata": "",
        "osm_url": "https://www.openstreetmap.org/node/5904148285",
        "operator": "",
        "cuisine": "",
        "religion": "",
        "denomination": "",
        "tourism": "attraction",
        "amenity": "",
        "historic": "",
        "leisure": ""
      }
    },
    {
      "type": "Feature",
      "geometry": {
        "type": "Point",
        "coordinates": [
          36.3217053,
          -0.8914402
        ]
      },
      "properties": {
        "name": "Ranger's post",
        "category": "TOURISM",
        "osm_type": "node",
        "osm_id": 6140735883,
        "address": "",
        "phone": "",
        "email": "",
        "website": "",
        "opening_hours": "",
        "description": "",
        "wikipedia": "",
        "wikidata": "",
        "osm_url": "https://www.openstreetmap.org/node/6140735883",
        "operator": "",
        "cuisine": "",
        "religion": "",
        "denomination": "",
        "tourism": "picnic_site",
        "amenity": "",
        "historic": "",
        "leisure": ""
      }
    },
    {
      "type": "Feature",
      "geometry": {
        "type": "Point",
        "coordinates": [
          36.0878197,
          -0.4003271
        ]
      },
      "properties": {
        "name": "Flamingo Viewpoint",
        "category": "TOURISM",
        "osm_type": "node",
        "osm_id": 6364919885,
        "address": "",
        "phone": "",
        "email": "",
        "website": "",
        "opening_hours": "",
        "description": "",
        "wikipedia": "",
        "wikidata": "",
        "osm_url": "https://www.openstreetmap.org/node/6364919885",
        "operator": "",
        "cuisine": "",
        "religion": "",
        "denomination": "",
        "tourism": "viewpoint",
        "amenity": "",
        "historic": "",
        "leisure": ""
      }
    },
    {
      "type": "Feature",
      "geometry": {
        "type": "Point",
        "coordinates": [
          36.2615486,
          -0.4610476
        ]
      },
      "properties": {
        "name": "Birds view stp",
        "category": "TOURISM",
        "osm_type": "node",
        "osm_id": 6505884885,
        "address": "",
        "phone": "",
        "email": "",
        "website": "",
        "opening_hours": "",
        "description": "",
        "wikipedia": "",
        "wikidata": "",
        "osm_url": "https://www.openstreetmap.org/node/6505884885",
        "operator": "",
        "cuisine": "",
        "religion": "",
        "denomination": "",
        "tourism": "viewpoint",
        "amenity": "",
        "historic": "",
        "leisure": ""
      }
    },
    {
      "type": "Feature",
      "geometry": {
        "type": "Point",
        "coordinates": [
          36.2670845,
          -0.4619735
        ]
      },
      "properties": {
        "name": "Upper Lake view stp",
        "category": "TOURISM",
        "osm_type": "node",
        "osm_id": 6505885085,
        "address": "",
        "phone": "",
        "email": "",
        "website": "",
        "opening_hours": "",
        "description": "",
        "wikipedia": "",
        "wikidata": "",
        "osm_url": "https://www.openstreetmap.org/node/6505885085",
        "operator": "",
        "cuisine": "",
        "religion": "",
        "denomination": "",
        "tourism": "viewpoint",
        "amenity": "",
        "historic": "",
        "leisure": ""
      }
    },
    {
      "type": "Feature",
      "geometry": {
        "type": "Point",
        "coordinates": [
          36.4262257,
          -0.7850444
        ]
      },
      "properties": {
        "name": "Nice tree",
        "category": "TOURISM",
        "osm_type": "node",
        "osm_id": 6511299885,
        "address": "",
        "phone": "",
        "email": "",
        "website": "",
        "opening_hours": "",
        "description": "",
        "wikipedia": "",
        "wikidata": "",
        "osm_url": "https://www.openstreetmap.org/node/6511299885",
        "operator": "",
        "cuisine": "",
        "religion": "",
        "denomination": "",
        "tourism": "attraction",
        "amenity": "",
        "historic": "",
        "leisure": ""
      }
    },
    {
      "type": "Feature",
      "geometry": {
        "type": "Point",
        "coordinates": [
          36.2565204,
          -0.4732766
        ]
      },
      "properties": {
        "name": "Lake Elementaita Hot Spring",
        "category": "TOURISM",
        "osm_type": "node",
        "osm_id": 6912769745,
        "address": "Nakuru",
        "phone": "",
        "email": "",
        "website": "",
        "opening_hours": "",
        "description": "",
        "wikipedia": "",
        "wikidata": "",
        "osm_url": "https://www.openstreetmap.org/node/6912769745",
        "operator": "",
        "cuisine": "",
        "religion": "",
        "denomination": "",
        "tourism": "attraction",
        "amenity": "",
        "historic": "",
        "leisure": ""
      }
    },
    {
      "type": "Feature",
      "geometry": {
        "type": "Point",
        "coordinates": [
          36.4540856,
          -0.7002039
        ]
      },
      "properties": {
        "name": "Canyon human made",
        "category": "TOURISM",
        "osm_type": "node",
        "osm_id": 8483709320,
        "address": "",
        "phone": "",
        "email": "",
        "website": "",
        "opening_hours": "",
        "description": "",
        "wikipedia": "",
        "wikidata": "",
        "osm_url": "https://www.openstreetmap.org/node/8483709320",
        "operator": "",
        "cuisine": "",
        "religion": "",
        "denomination": "",
        "tourism": "viewpoint",
        "amenity": "",
        "historic": "",
        "leisure": ""
      }
    },
    {
      "type": "Feature",
      "geometry": {
        "type": "Point",
        "coordinates": [
          36.4345785,
          -0.7360086
        ]
      },
      "properties": {
        "name": "Zebra and giraffe free safari",
        "category": "TOURISM",
        "osm_type": "node",
        "osm_id": 8483709321,
        "address": "",
        "phone": "",
        "email": "",
        "website": "",
        "opening_hours": "",
        "description": "",
        "wikipedia": "",
        "wikidata": "",
        "osm_url": "https://www.openstreetmap.org/node/8483709321",
        "operator": "",
        "cuisine": "",
        "religion": "",
        "denomination": "",
        "tourism": "viewpoint",
        "amenity": "",
        "historic": "",
        "leisure": ""
      }
    },
    {
      "type": "Feature",
      "geometry": {
        "type": "Point",
        "coordinates": [
          36.2025806,
          -0.4474562
        ]
      },
      "properties": {
        "name": "28",
        "category": "TOURISM",
        "osm_type": "node",
        "osm_id": 8589203217,
        "address": "",
        "phone": "",
        "email": "",
        "website": "",
        "opening_hours": "",
        "description": "",
        "wikipedia": "",
        "wikidata": "",
        "osm_url": "https://www.openstreetmap.org/node/8589203217",
        "operator": "",
        "cuisine": "",
        "religion": "",
        "denomination": "",
        "tourism": "information",
        "amenity": "",
        "historic": "",
        "leisure": ""
      }
    },
    {
      "type": "Feature",
      "geometry": {
        "type": "Point",
        "coordinates": [
          36.2227558,
          -0.4627711
        ]
      },
      "properties": {
        "name": "67",
        "category": "TOURISM",
        "osm_type": "node",
        "osm_id": 8589320017,
        "address": "",
        "phone": "",
        "email": "",
        "website": "",
        "opening_hours": "",
        "description": "",
        "wikipedia": "",
        "wikidata": "",
        "osm_url": "https://www.openstreetmap.org/node/8589320017",
        "operator": "",
        "cuisine": "",
        "religion": "",
        "denomination": "",
        "tourism": "information",
        "amenity": "",
        "historic": "",
        "leisure": ""
      }
    },
    {
      "type": "Feature",
      "geometry": {
        "type": "Point",
        "coordinates": [
          36.2190914,
          -0.4319775
        ]
      },
      "properties": {
        "name": "36",
        "category": "TOURISM",
        "osm_type": "node",
        "osm_id": 8589415720,
        "address": "",
        "phone": "",
        "email": "",
        "website": "",
        "opening_hours": "",
        "description": "",
        "wikipedia": "",
        "wikidata": "",
        "osm_url": "https://www.openstreetmap.org/node/8589415720",
        "operator": "",
        "cuisine": "",
        "religion": "",
        "denomination": "",
        "tourism": "information",
        "amenity": "",
        "historic": "",
        "leisure": ""
      }
    },
    {
      "type": "Feature",
      "geometry": {
        "type": "Point",
        "coordinates": [
          36.3622667,
          -0.8381453
        ]
      },
      "properties": {
        "name": "Fake entrance. Don’t hire guides and bikes in here",
        "category": "TOURISM",
        "osm_type": "node",
        "osm_id": 13138471817,
        "address": "",
        "phone": "",
        "email": "",
        "website": "",
        "opening_hours": "",
        "description": "",
        "wikipedia": "",
        "wikidata": "",
        "osm_url": "https://www.openstreetmap.org/node/13138471817",
        "operator": "",
        "cuisine": "",
        "religion": "",
        "denomination": "",
        "tourism": "attraction",
        "amenity": "",
        "historic": "",
        "leisure": ""
      }
    },
    {
      "type": "Feature",
      "geometry": {
        "type": "Point",
        "coordinates": [
          36.4061222,
          -0.7750012
        ]
      },
      "properties": {
        "name": "Crescent Island Museum",
        "category": "TOURISM",
        "osm_type": "node",
        "osm_id": 13514403622,
        "address": "",
        "phone": "",
        "email": "",
        "website": "",
        "opening_hours": "",
        "description": "",
        "wikipedia": "",
        "wikidata": "",
        "osm_url": "https://www.openstreetmap.org/node/13514403622",
        "operator": "",
        "cuisine": "",
        "religion": "",
        "denomination": "",
        "tourism": "museum",
        "amenity": "",
        "historic": "",
        "leisure": ""
      }
    },
    {
      "type": "Feature",
      "geometry": {
        "type": "Point",
        "coordinates": [
          36.2069678,
          -0.6498853
        ]
      },
      "properties": {
        "name": "Viewpoint",
        "category": "TOURISM",
        "osm_type": "node",
        "osm_id": 14159558809,
        "address": "",
        "phone": "",
        "email": "",
        "website": "",
        "opening_hours": "",
        "description": "",
        "wikipedia": "",
        "wikidata": "",
        "osm_url": "https://www.openstreetmap.org/node/14159558809",
        "operator": "",
        "cuisine": "",
        "religion": "",
        "denomination": "",
        "tourism": "viewpoint",
        "amenity": "",
        "historic": "",
        "leisure": ""
      }
    },
    {
      "type": "Feature",
      "geometry": {
        "type": "Point",
        "coordinates": [
          36.3690285,
          -0.8525493
        ]
      },
      "properties": {
        "name": "Elsa Gate",
        "category": "TOURISM",
        "osm_type": "way",
        "osm_id": 248819940,
        "address": "",
        "phone": "",
        "email": "",
        "website": "",
        "opening_hours": "",
        "description": "",
        "wikipedia": "",
        "wikidata": "",
        "osm_url": "https://www.openstreetmap.org/way/248819940",
        "operator": "Kenya Wildlife Service",
        "cuisine": "",
        "religion": "",
        "denomination": "",
        "tourism": "attraction",
        "amenity": "",
        "historic": "",
        "leisure": ""
      }
    },
    {
      "type": "Feature",
      "geometry": {
        "type": "Point",
        "coordinates": [
          36.2838847,
          -0.4514038
        ]
      },
      "properties": {
        "name": "Kariandusi Museum",
        "category": "TOURISM",
        "osm_type": "way",
        "osm_id": 295491016,
        "address": "",
        "phone": "",
        "email": "",
        "website": "",
        "opening_hours": "",
        "description": "",
        "wikipedia": "",
        "wikidata": "",
        "osm_url": "https://www.openstreetmap.org/way/295491016",
        "operator": "National Museums of Kenya",
        "cuisine": "",
        "religion": "",
        "denomination": "",
        "tourism": "museum",
        "amenity": "",
        "historic": "",
        "leisure": ""
      }
    },
    {
      "type": "Feature",
      "geometry": {
        "type": "Point",
        "coordinates": [
          36.1054642,
          -0.2796002
        ]
      },
      "properties": {
        "name": "Hyrax Hill Museum",
        "category": "TOURISM",
        "osm_type": "way",
        "osm_id": 376384898,
        "address": "",
        "phone": "",
        "email": "",
        "website": "",
        "opening_hours": "",
        "description": "",
        "wikipedia": "",
        "wikidata": "Q15036534",
        "osm_url": "https://www.openstreetmap.org/way/376384898",
        "operator": "",
        "cuisine": "",
        "religion": "",
        "denomination": "",
        "tourism": "museum",
        "amenity": "",
        "historic": "",
        "leisure": ""
      }
    },
    {
      "type": "Feature",
      "geometry": {
        "type": "Point",
        "coordinates": [
          36.1948859,
          -0.4700511
        ]
      },
      "properties": {
        "name": "Soysambu Information Centre",
        "category": "TOURISM",
        "osm_type": "way",
        "osm_id": 1036248218,
        "address": "",
        "phone": "",
        "email": "",
        "website": "",
        "opening_hours": "",
        "description": "",
        "wikipedia": "",
        "wikidata": "",
        "osm_url": "https://www.openstreetmap.org/way/1036248218",
        "operator": "",
        "cuisine": "",
        "religion": "",
        "denomination": "",
        "tourism": "information",
        "amenity": "",
        "historic": "",
        "leisure": ""
      }
    },
    {
      "type": "Feature",
      "geometry": {
        "type": "Point",
        "coordinates": [
          36.2533463,
          -0.6463108
        ]
      },
      "properties": {
        "name": "Eburu Forest Gate",
        "category": "TOURISM",
        "osm_type": "way",
        "osm_id": 1052728007,
        "address": "",
        "phone": "",
        "email": "",
        "website": "",
        "opening_hours": "",
        "description": "",
        "wikipedia": "",
        "wikidata": "",
        "osm_url": "https://www.openstreetmap.org/way/1052728007",
        "operator": "",
        "cuisine": "",
        "religion": "",
        "denomination": "",
        "tourism": "information",
        "amenity": "",
        "historic": "",
        "leisure": ""
      }
    },
    {
      "type": "Feature",
      "geometry": {
        "type": "Point",
        "coordinates": [
          36.3213369,
          -0.6674026
        ]
      },
      "properties": {
        "name": "Great Rift Valley Golf Resort",
        "category": "ACCOMMODATION",
        "osm_type": "node",
        "osm_id": 371009272,
        "address": "",
        "phone": "",
        "email": "",
        "website": "",
        "opening_hours": "",
        "description": "",
        "wikipedia": "",
        "wikidata": "",
        "osm_url": "https://www.openstreetmap.org/node/371009272",
        "operator": "",
        "cuisine": "",
        "religion": "",
        "denomination": "",
        "tourism": "hotel",
        "amenity": "",
        "historic": "",
        "leisure": ""
      }
    },
    {
      "type": "Feature",
      "geometry": {
        "type": "Point",
        "coordinates": [
          36.2595666,
          -0.7836059
        ]
      },
      "properties": {
        "name": "Crater Lake Tented Camp",
        "category": "ACCOMMODATION",
        "osm_type": "node",
        "osm_id": 413571790,
        "address": "Crater Rim Way",
        "phone": "",
        "email": "",
        "website": "",
        "opening_hours": "",
        "description": "",
        "wikipedia": "",
        "wikidata": "",
        "osm_url": "https://www.openstreetmap.org/node/413571790",
        "operator": "",
        "cuisine": "",
        "religion": "",
        "denomination": "",
        "tourism": "hotel",
        "amenity": "",
        "historic": "",
        "leisure": ""
      }
    },
    {
      "type": "Feature",
      "geometry": {
        "type": "Point",
        "coordinates": [
          36.3624228,
          -0.8738389
        ]
      },
      "properties": {
        "name": "Ol Dubai Public Campsite",
        "category": "ACCOMMODATION",
        "osm_type": "node",
        "osm_id": 413574544,
        "address": "",
        "phone": "",
        "email": "",
        "website": "",
        "opening_hours": "",
        "description": "",
        "wikipedia": "",
        "wikidata": "",
        "osm_url": "https://www.openstreetmap.org/node/413574544",
        "operator": "",
        "cuisine": "",
        "religion": "",
        "denomination": "",
        "tourism": "camp_site",
        "amenity": "",
        "historic": "",
        "leisure": ""
      }
    },
    {
      "type": "Feature",
      "geometry": {
        "type": "Point",
        "coordinates": [
          36.082297,
          -0.4909294
        ]
      },
      "properties": {
        "name": "Makalia Falls Public Campsite",
        "category": "ACCOMMODATION",
        "osm_type": "node",
        "osm_id": 472267375,
        "address": "",
        "phone": "",
        "email": "",
        "website": "",
        "opening_hours": "",
        "description": "",
        "wikipedia": "",
        "wikidata": "",
        "osm_url": "https://www.openstreetmap.org/node/472267375",
        "operator": "",
        "cuisine": "",
        "religion": "",
        "denomination": "",
        "tourism": "camp_site",
        "amenity": "",
        "historic": "",
        "leisure": ""
      }
    },
    {
      "type": "Feature",
      "geometry": {
        "type": "Point",
        "coordinates": [
          36.4206983,
          -0.7725432
        ]
      },
      "properties": {
        "name": "Lake Naivasha Country Club",
        "category": "ACCOMMODATION",
        "osm_type": "node",
        "osm_id": 526772071,
        "address": "Moi South Lake Road, Naivasha",
        "phone": "",
        "email": "",
        "website": "",
        "opening_hours": "",
        "description": "",
        "wikipedia": "",
        "wikidata": "",
        "osm_url": "https://www.openstreetmap.org/node/526772071",
        "operator": "",
        "cuisine": "",
        "religion": "",
        "denomination": "",
        "tourism": "hotel",
        "amenity": "",
        "historic": "",
        "leisure": ""
      }
    },
    {
      "type": "Feature",
      "geometry": {
        "type": "Point",
        "coordinates": [
          36.3516156,
          -0.8319703
        ]
      },
      "properties": {
        "name": "Crayfish Camp",
        "category": "ACCOMMODATION",
        "osm_type": "node",
        "osm_id": 526772083,
        "address": "",
        "phone": "",
        "email": "",
        "website": "",
        "opening_hours": "",
        "description": "",
        "wikipedia": "",
        "wikidata": "",
        "osm_url": "https://www.openstreetmap.org/node/526772083",
        "operator": "",
        "cuisine": "",
        "religion": "",
        "denomination": "",
        "tourism": "camp_site",
        "amenity": "",
        "historic": "",
        "leisure": ""
      }
    },
    {
      "type": "Feature",
      "geometry": {
        "type": "Point",
        "coordinates": [
          36.3400227,
          -0.8734093
        ]
      },
      "properties": {
        "name": "Endachata Special Campsite",
        "category": "ACCOMMODATION",
        "osm_type": "node",
        "osm_id": 604235545,
        "address": "",
        "phone": "",
        "email": "",
        "website": "",
        "opening_hours": "",
        "description": "",
        "wikipedia": "",
        "wikidata": "",
        "osm_url": "https://www.openstreetmap.org/node/604235545",
        "operator": "",
        "cuisine": "",
        "religion": "",
        "denomination": "",
        "tourism": "camp_site",
        "amenity": "",
        "historic": "",
        "leisure": ""
      }
    },
    {
      "type": "Feature",
      "geometry": {
        "type": "Point",
        "coordinates": [
          36.3341572,
          -0.8293549
        ]
      },
      "properties": {
        "name": "Top Camp",
        "category": "ACCOMMODATION",
        "osm_type": "node",
        "osm_id": 653500198,
        "address": "",
        "phone": "",
        "email": "",
        "website": "",
        "opening_hours": "",
        "description": "",
        "wikipedia": "",
        "wikidata": "",
        "osm_url": "https://www.openstreetmap.org/node/653500198",
        "operator": "",
        "cuisine": "",
        "religion": "",
        "denomination": "",
        "tourism": "camp_site",
        "amenity": "",
        "historic": "",
        "leisure": ""
      }
    },
    {
      "type": "Feature",
      "geometry": {
        "type": "Point",
        "coordinates": [
          36.4719036,
          -0.8921506
        ]
      },
      "properties": {
        "name": "Oloongonot Public Campsite",
        "category": "ACCOMMODATION",
        "osm_type": "node",
        "osm_id": 1073671471,
        "address": "Mount Longonot National park",
        "phone": "",
        "email": "",
        "website": "",
        "opening_hours": "",
        "description": "",
        "wikipedia": "",
        "wikidata": "",
        "osm_url": "https://www.openstreetmap.org/node/1073671471",
        "operator": "",
        "cuisine": "",
        "religion": "",
        "denomination": "",
        "tourism": "camp_site",
        "amenity": "",
        "historic": "",
        "leisure": ""
      }
    },
    {
      "type": "Feature",
      "geometry": {
        "type": "Point",
        "coordinates": [
          36.0634981,
          -0.2877473
        ]
      },
      "properties": {
        "name": "Waterbuck Hotel",
        "category": "ACCOMMODATION",
        "osm_type": "node",
        "osm_id": 1103141046,
        "address": "West Road, Nakuru",
        "phone": "",
        "email": "",
        "website": "",
        "opening_hours": "",
        "description": "",
        "wikipedia": "",
        "wikidata": "",
        "osm_url": "https://www.openstreetmap.org/node/1103141046",
        "operator": "",
        "cuisine": "",
        "religion": "",
        "denomination": "",
        "tourism": "hotel",
        "amenity": "",
        "historic": "",
        "leisure": ""
      }
    },
    {
      "type": "Feature",
      "geometry": {
        "type": "Point",
        "coordinates": [
          36.0837364,
          -0.2758798
        ]
      },
      "properties": {
        "name": "Graceland Hotel",
        "category": "ACCOMMODATION",
        "osm_type": "node",
        "osm_id": 1106596697,
        "address": "Crater Lane, Nakuru",
        "phone": "",
        "email": "",
        "website": "",
        "opening_hours": "",
        "description": "",
        "wikipedia": "",
        "wikidata": "",
        "osm_url": "https://www.openstreetmap.org/node/1106596697",
        "operator": "",
        "cuisine": "",
        "religion": "",
        "denomination": "",
        "tourism": "hotel",
        "amenity": "",
        "historic": "",
        "leisure": ""
      }
    },
    {
      "type": "Feature",
      "geometry": {
        "type": "Point",
        "coordinates": [
          36.0352047,
          -0.2698935
        ]
      },
      "properties": {
        "name": "Donnie's",
        "category": "ACCOMMODATION",
        "osm_type": "node",
        "osm_id": 1351892614,
        "address": "Nakuru-Sigor Road, Nakuru",
        "phone": "",
        "email": "",
        "website": "",
        "opening_hours": "",
        "description": "",
        "wikipedia": "",
        "wikidata": "",
        "osm_url": "https://www.openstreetmap.org/node/1351892614",
        "operator": "",
        "cuisine": "",
        "religion": "",
        "denomination": "",
        "tourism": "hotel",
        "amenity": "",
        "historic": "",
        "leisure": ""
      }
    },
    {
      "type": "Feature",
      "geometry": {
        "type": "Point",
        "coordinates": [
          35.9006275,
          -0.3003858
        ]
      },
      "properties": {
        "name": "Kembu Campsite",
        "category": "ACCOMMODATION",
        "osm_type": "node",
        "osm_id": 1403875319,
        "address": "",
        "phone": "",
        "email": "",
        "website": "",
        "opening_hours": "",
        "description": "",
        "wikipedia": "",
        "wikidata": "",
        "osm_url": "https://www.openstreetmap.org/node/1403875319",
        "operator": "",
        "cuisine": "",
        "religion": "",
        "denomination": "",
        "tourism": "camp_site",
        "amenity": "",
        "historic": "",
        "leisure": ""
      }
    },
    {
      "type": "Feature",
      "geometry": {
        "type": "Point",
        "coordinates": [
          36.1175089,
          -0.4785274
        ]
      },
      "properties": {
        "name": "Mbweha Safari Camp",
        "category": "ACCOMMODATION",
        "osm_type": "node",
        "osm_id": 1451841312,
        "address": "",
        "phone": "",
        "email": "",
        "website": "",
        "opening_hours": "",
        "description": "",
        "wikipedia": "",
        "wikidata": "",
        "osm_url": "https://www.openstreetmap.org/node/1451841312",
        "operator": "",
        "cuisine": "",
        "religion": "",
        "denomination": "",
        "tourism": "hotel",
        "amenity": "",
        "historic": "",
        "leisure": ""
      }
    },
    {
      "type": "Feature",
      "geometry": {
        "type": "Point",
        "coordinates": [
          36.2387541,
          -0.8441054
        ]
      },
      "properties": {
        "name": "Chui Lodge",
        "category": "ACCOMMODATION",
        "osm_type": "node",
        "osm_id": 1514579046,
        "address": "",
        "phone": "",
        "email": "",
        "website": "",
        "opening_hours": "",
        "description": "",
        "wikipedia": "",
        "wikidata": "",
        "osm_url": "https://www.openstreetmap.org/node/1514579046",
        "operator": "",
        "cuisine": "",
        "religion": "",
        "denomination": "",
        "tourism": "hotel",
        "amenity": "",
        "historic": "",
        "leisure": ""
      }
    },
    {
      "type": "Feature",
      "geometry": {
        "type": "Point",
        "coordinates": [
          36.1170631,
          -0.1866844
        ]
      },
      "properties": {
        "name": "Maili Saba Camp",
        "category": "ACCOMMODATION",
        "osm_type": "node",
        "osm_id": 1628846226,
        "address": "",
        "phone": "",
        "email": "",
        "website": "",
        "opening_hours": "",
        "description": "",
        "wikipedia": "",
        "wikidata": "",
        "osm_url": "https://www.openstreetmap.org/node/1628846226",
        "operator": "",
        "cuisine": "",
        "religion": "",
        "denomination": "",
        "tourism": "hotel",
        "amenity": "",
        "historic": "",
        "leisure": ""
      }
    },
    {
      "type": "Feature",
      "geometry": {
        "type": "Point",
        "coordinates": [
          36.0742217,
          -0.2864145
        ]
      },
      "properties": {
        "name": "Hotel Carnation",
        "category": "ACCOMMODATION",
        "osm_type": "node",
        "osm_id": 1843438209,
        "address": "",
        "phone": "",
        "email": "",
        "website": "",
        "opening_hours": "",
        "description": "",
        "wikipedia": "",
        "wikidata": "",
        "osm_url": "https://www.openstreetmap.org/node/1843438209",
        "operator": "",
        "cuisine": "",
        "religion": "",
        "denomination": "",
        "tourism": "hotel",
        "amenity": "",
        "historic": "",
        "leisure": ""
      }
    },
    {
      "type": "Feature",
      "geometry": {
        "type": "Point",
        "coordinates": [
          35.8066551,
          -0.1848473
        ]
      },
      "properties": {
        "name": "Deloraine",
        "category": "ACCOMMODATION",
        "osm_type": "node",
        "osm_id": 2262051760,
        "address": "",
        "phone": "",
        "email": "",
        "website": "",
        "opening_hours": "",
        "description": "",
        "wikipedia": "",
        "wikidata": "",
        "osm_url": "https://www.openstreetmap.org/node/2262051760",
        "operator": "",
        "cuisine": "",
        "religion": "",
        "denomination": "",
        "tourism": "guest_house",
        "amenity": "",
        "historic": "",
        "leisure": ""
      }
    },
    {
      "type": "Feature",
      "geometry": {
        "type": "Point",
        "coordinates": [
          36.3352285,
          -0.8262624
        ]
      },
      "properties": {
        "name": "Fisherman's Camp",
        "category": "ACCOMMODATION",
        "osm_type": "node",
        "osm_id": 2555524337,
        "address": "",
        "phone": "",
        "email": "",
        "website": "",
        "opening_hours": "",
        "description": "",
        "wikipedia": "",
        "wikidata": "",
        "osm_url": "https://www.openstreetmap.org/node/2555524337",
        "operator": "",
        "cuisine": "",
        "religion": "",
        "denomination": "",
        "tourism": "camp_site",
        "amenity": "",
        "historic": "",
        "leisure": ""
      }
    },
    {
      "type": "Feature",
      "geometry": {
        "type": "Point",
        "coordinates": [
          36.5897451,
          -1.0666158
        ]
      },
      "properties": {
        "name": "Osotua Campsite",
        "category": "ACCOMMODATION",
        "osm_type": "node",
        "osm_id": 2805719115,
        "address": "",
        "phone": "",
        "email": "",
        "website": "https://www.facebook.com/osotua.campsite",
        "opening_hours": "",
        "description": "",
        "wikipedia": "",
        "wikidata": "",
        "osm_url": "https://www.openstreetmap.org/node/2805719115",
        "operator": "",
        "cuisine": "",
        "religion": "",
        "denomination": "",
        "tourism": "camp_site",
        "amenity": "",
        "historic": "",
        "leisure": ""
      }
    },
    {
      "type": "Feature",
      "geometry": {
        "type": "Point",
        "coordinates": [
          36.2747338,
          -0.8311541
        ]
      },
      "properties": {
        "name": "Kiangazi Lodge",
        "category": "ACCOMMODATION",
        "osm_type": "node",
        "osm_id": 2837290095,
        "address": "South Lake Road",
        "phone": "",
        "email": "",
        "website": "",
        "opening_hours": "",
        "description": "",
        "wikipedia": "",
        "wikidata": "",
        "osm_url": "https://www.openstreetmap.org/node/2837290095",
        "operator": "",
        "cuisine": "",
        "religion": "",
        "denomination": "",
        "tourism": "hotel",
        "amenity": "",
        "historic": "",
        "leisure": ""
      }
    },
    {
      "type": "Feature",
      "geometry": {
        "type": "Point",
        "coordinates": [
          36.1360053,
          -0.297913
        ]
      },
      "properties": {
        "name": "Cool Rivers",
        "category": "ACCOMMODATION",
        "osm_type": "node",
        "osm_id": 2984903310,
        "address": "Old Nairobi Road, Nakuru",
        "phone": "",
        "email": "",
        "website": "",
        "opening_hours": "",
        "description": "",
        "wikipedia": "",
        "wikidata": "",
        "osm_url": "https://www.openstreetmap.org/node/2984903310",
        "operator": "",
        "cuisine": "",
        "religion": "",
        "denomination": "",
        "tourism": "hotel",
        "amenity": "",
        "historic": "",
        "leisure": ""
      }
    },
    {
      "type": "Feature",
      "geometry": {
        "type": "Point",
        "coordinates": [
          36.3293026,
          -0.7140275
        ]
      },
      "properties": {
        "name": "Ajabu House",
        "category": "ACCOMMODATION",
        "osm_type": "node",
        "osm_id": 3729484833,
        "address": "",
        "phone": "+254 733609862",
        "email": "",
        "website": "http://www.ajabuhouse.com/",
        "opening_hours": "",
        "description": "",
        "wikipedia": "",
        "wikidata": "",
        "osm_url": "https://www.openstreetmap.org/node/3729484833",
        "operator": "",
        "cuisine": "",
        "religion": "",
        "denomination": "",
        "tourism": "guest_house",
        "amenity": "",
        "historic": "",
        "leisure": ""
      }
    },
    {
      "type": "Feature",
      "geometry": {
        "type": "Point",
        "coordinates": [
          35.8133599,
          -0.3042212
        ]
      },
      "properties": {
        "name": "Hotel Eel Lane",
        "category": "ACCOMMODATION",
        "osm_type": "node",
        "osm_id": 4185680080,
        "address": "",
        "phone": "",
        "email": "",
        "website": "",
        "opening_hours": "",
        "description": "",
        "wikipedia": "",
        "wikidata": "",
        "osm_url": "https://www.openstreetmap.org/node/4185680080",
        "operator": "",
        "cuisine": "",
        "religion": "",
        "denomination": "",
        "tourism": "hotel",
        "amenity": "",
        "historic": "",
        "leisure": ""
      }
    },
    {
      "type": "Feature",
      "geometry": {
        "type": "Point",
        "coordinates": [
          36.378275,
          -0.8228059
        ]
      },
      "properties": {
        "name": "Lake Naivasha Simba Lodge",
        "category": "ACCOMMODATION",
        "osm_type": "node",
        "osm_id": 4261198889,
        "address": "",
        "phone": "",
        "email": "",
        "website": "",
        "opening_hours": "",
        "description": "",
        "wikipedia": "",
        "wikidata": "",
        "osm_url": "https://www.openstreetmap.org/node/4261198889",
        "operator": "",
        "cuisine": "",
        "religion": "",
        "denomination": "",
        "tourism": "guest_house",
        "amenity": "",
        "historic": "",
        "leisure": ""
      }
    },
    {
      "type": "Feature",
      "geometry": {
        "type": "Point",
        "coordinates": [
          36.2776826,
          -0.4668771
        ]
      },
      "properties": {
        "name": "Lake Elementaita Lodge Campsite",
        "category": "ACCOMMODATION",
        "osm_type": "node",
        "osm_id": 4321113933,
        "address": "Nairobi-Nakuru Road, Gilgil",
        "phone": "",
        "email": "",
        "website": "",
        "opening_hours": "",
        "description": "",
        "wikipedia": "",
        "wikidata": "",
        "osm_url": "https://www.openstreetmap.org/node/4321113933",
        "operator": "",
        "cuisine": "",
        "religion": "",
        "denomination": "",
        "tourism": "camp_site",
        "amenity": "",
        "historic": "",
        "leisure": ""
      }
    },
    {
      "type": "Feature",
      "geometry": {
        "type": "Point",
        "coordinates": [
          36.2573195,
          -0.7834605
        ]
      },
      "properties": {
        "name": "Crater Lake Sanctuary Campsite",
        "category": "ACCOMMODATION",
        "osm_type": "node",
        "osm_id": 4323544312,
        "address": "",
        "phone": "",
        "email": "",
        "website": "",
        "opening_hours": "",
        "description": "",
        "wikipedia": "",
        "wikidata": "",
        "osm_url": "https://www.openstreetmap.org/node/4323544312",
        "operator": "",
        "cuisine": "",
        "religion": "",
        "denomination": "",
        "tourism": "camp_site",
        "amenity": "",
        "historic": "",
        "leisure": ""
      }
    },
    {
      "type": "Feature",
      "geometry": {
        "type": "Point",
        "coordinates": [
          36.3506514,
          -0.8676935
        ]
      },
      "properties": {
        "name": "Naiburta Public Campsite",
        "category": "ACCOMMODATION",
        "osm_type": "node",
        "osm_id": 4349423260,
        "address": "Hells Gate National Park",
        "phone": "",
        "email": "",
        "website": "",
        "opening_hours": "",
        "description": "",
        "wikipedia": "",
        "wikidata": "",
        "osm_url": "https://www.openstreetmap.org/node/4349423260",
        "operator": "",
        "cuisine": "",
        "religion": "",
        "denomination": "",
        "tourism": "camp_site",
        "amenity": "",
        "historic": "",
        "leisure": ""
      }
    },
    {
      "type": "Feature",
      "geometry": {
        "type": "Point",
        "coordinates": [
          36.07676,
          -0.3002477
        ]
      },
      "properties": {
        "name": "Royal Spring",
        "category": "ACCOMMODATION",
        "osm_type": "node",
        "osm_id": 4413153098,
        "address": "",
        "phone": "",
        "email": "",
        "website": "",
        "opening_hours": "Mo-Su 10:00-22:00",
        "description": "",
        "wikipedia": "",
        "wikidata": "",
        "osm_url": "https://www.openstreetmap.org/node/4413153098",
        "operator": "",
        "cuisine": "",
        "religion": "",
        "denomination": "",
        "tourism": "hotel",
        "amenity": "",
        "historic": "",
        "leisure": ""
      }
    },
    {
      "type": "Feature",
      "geometry": {
        "type": "Point",
        "coordinates": [
          36.3375767,
          -0.8276218
        ]
      },
      "properties": {
        "name": "NVA - Carnelly's Camp",
        "category": "ACCOMMODATION",
        "osm_type": "node",
        "osm_id": 4419387390,
        "address": "",
        "phone": "",
        "email": "",
        "website": "https://campcarnelleys.com",
        "opening_hours": "",
        "description": "",
        "wikipedia": "",
        "wikidata": "",
        "osm_url": "https://www.openstreetmap.org/node/4419387390",
        "operator": "",
        "cuisine": "",
        "religion": "",
        "denomination": "",
        "tourism": "camp_site",
        "amenity": "",
        "historic": "",
        "leisure": ""
      }
    },
    {
      "type": "Feature",
      "geometry": {
        "type": "Point",
        "coordinates": [
          36.0530395,
          -0.4272416
        ]
      },
      "properties": {
        "name": "Lake Nakuru Sopa Lodge",
        "category": "ACCOMMODATION",
        "osm_type": "node",
        "osm_id": 4454920291,
        "address": "",
        "phone": "",
        "email": "",
        "website": "https://sopalodges.com/lake-nakuru-sopa-lodge/the-lodge",
        "opening_hours": "",
        "description": "",
        "wikipedia": "",
        "wikidata": "",
        "osm_url": "https://www.openstreetmap.org/node/4454920291",
        "operator": "",
        "cuisine": "",
        "religion": "",
        "denomination": "",
        "tourism": "hotel",
        "amenity": "",
        "historic": "",
        "leisure": ""
      }
    },
    {
      "type": "Feature",
      "geometry": {
        "type": "Point",
        "coordinates": [
          36.4387034,
          -0.7540076
        ]
      },
      "properties": {
        "name": "Yellow green hotel",
        "category": "ACCOMMODATION",
        "osm_type": "node",
        "osm_id": 4459193174,
        "address": "Moi South Lake Road, Naivasha",
        "phone": "",
        "email": "",
        "website": "",
        "opening_hours": "",
        "description": "",
        "wikipedia": "",
        "wikidata": "",
        "osm_url": "https://www.openstreetmap.org/node/4459193174",
        "operator": "",
        "cuisine": "",
        "religion": "",
        "denomination": "",
        "tourism": "hotel",
        "amenity": "",
        "historic": "",
        "leisure": ""
      }
    },
    {
      "type": "Feature",
      "geometry": {
        "type": "Point",
        "coordinates": [
          36.4592846,
          -0.888654
        ]
      },
      "properties": {
        "name": "Lakeview Campsite",
        "category": "ACCOMMODATION",
        "osm_type": "node",
        "osm_id": 4472363885,
        "address": "Mount Longonot National Park",
        "phone": "",
        "email": "",
        "website": "",
        "opening_hours": "",
        "description": "",
        "wikipedia": "",
        "wikidata": "",
        "osm_url": "https://www.openstreetmap.org/node/4472363885",
        "operator": "kws.org",
        "cuisine": "",
        "religion": "",
        "denomination": "",
        "tourism": "camp_site",
        "amenity": "",
        "historic": "",
        "leisure": ""
      }
    },
    {
      "type": "Feature",
      "geometry": {
        "type": "Point",
        "coordinates": [
          36.2863445,
          -0.7715805
        ]
      },
      "properties": {
        "name": "Wedding Site Campsite",
        "category": "ACCOMMODATION",
        "osm_type": "node",
        "osm_id": 4472383602,
        "address": "Crater Lake Sanctuary, Naivasha",
        "phone": "",
        "email": "",
        "website": "",
        "opening_hours": "",
        "description": "",
        "wikipedia": "",
        "wikidata": "",
        "osm_url": "https://www.openstreetmap.org/node/4472383602",
        "operator": "Crater Lake Sanctuary",
        "cuisine": "",
        "religion": "",
        "denomination": "",
        "tourism": "camp_site",
        "amenity": "",
        "historic": "",
        "leisure": ""
      }
    },
    {
      "type": "Feature",
      "geometry": {
        "type": "Point",
        "coordinates": [
          36.2667195,
          -0.7737715
        ]
      },
      "properties": {
        "name": "Gazebo Campsite",
        "category": "ACCOMMODATION",
        "osm_type": "node",
        "osm_id": 4472392473,
        "address": "Crater Lake Sanctuary, Naivasha",
        "phone": "",
        "email": "",
        "website": "",
        "opening_hours": "",
        "description": "",
        "wikipedia": "",
        "wikidata": "",
        "osm_url": "https://www.openstreetmap.org/node/4472392473",
        "operator": "Crater Lake Sanctuary",
        "cuisine": "",
        "religion": "",
        "denomination": "",
        "tourism": "camp_site",
        "amenity": "",
        "historic": "",
        "leisure": ""
      }
    },
    {
      "type": "Feature",
      "geometry": {
        "type": "Point",
        "coordinates": [
          36.2580131,
          -0.8140729
        ]
      },
      "properties": {
        "name": "Naivasha Kongoni Lodge",
        "category": "ACCOMMODATION",
        "osm_type": "node",
        "osm_id": 4472399985,
        "address": "Moi North Lake Road, Naivasha",
        "phone": "",
        "email": "",
        "website": "",
        "opening_hours": "",
        "description": "",
        "wikipedia": "",
        "wikidata": "",
        "osm_url": "https://www.openstreetmap.org/node/4472399985",
        "operator": "",
        "cuisine": "",
        "religion": "",
        "denomination": "",
        "tourism": "hotel",
        "amenity": "",
        "historic": "",
        "leisure": ""
      }
    },
    {
      "type": "Feature",
      "geometry": {
        "type": "Point",
        "coordinates": [
          36.4296395,
          -0.709486
        ]
      },
      "properties": {
        "name": "Golden Bay Hotel Naivasha",
        "category": "ACCOMMODATION",
        "osm_type": "node",
        "osm_id": 4500675789,
        "address": "Moi Avenue, Naivasha",
        "phone": "+254722270273",
        "email": "",
        "website": "",
        "opening_hours": "24/7",
        "description": "",
        "wikipedia": "",
        "wikidata": "",
        "osm_url": "https://www.openstreetmap.org/node/4500675789",
        "operator": "",
        "cuisine": "",
        "religion": "",
        "denomination": "",
        "tourism": "guest_house",
        "amenity": "",
        "historic": "",
        "leisure": ""
      }
    },
    {
      "type": "Feature",
      "geometry": {
        "type": "Point",
        "coordinates": [
          36.2659027,
          -0.8126979
        ]
      },
      "properties": {
        "name": "Oloiden Campsite",
        "category": "ACCOMMODATION",
        "osm_type": "node",
        "osm_id": 4531539892,
        "address": "",
        "phone": "+254 702 993131",
        "email": "",
        "website": "",
        "opening_hours": "",
        "description": "",
        "wikipedia": "",
        "wikidata": "",
        "osm_url": "https://www.openstreetmap.org/node/4531539892",
        "operator": "",
        "cuisine": "",
        "religion": "",
        "denomination": "",
        "tourism": "camp_site",
        "amenity": "",
        "historic": "",
        "leisure": ""
      }
    },
    {
      "type": "Feature",
      "geometry": {
        "type": "Point",
        "coordinates": [
          36.364386,
          -0.8335808
        ]
      },
      "properties": {
        "name": "Lake Naivasha YMCA Camp",
        "category": "ACCOMMODATION",
        "osm_type": "node",
        "osm_id": 4531585290,
        "address": "",
        "phone": "",
        "email": "",
        "website": "",
        "opening_hours": "",
        "description": "",
        "wikipedia": "",
        "wikidata": "",
        "osm_url": "https://www.openstreetmap.org/node/4531585290",
        "operator": "",
        "cuisine": "",
        "religion": "",
        "denomination": "",
        "tourism": "camp_site",
        "amenity": "",
        "historic": "",
        "leisure": ""
      }
    },
    {
      "type": "Feature",
      "geometry": {
        "type": "Point",
        "coordinates": [
          36.43626,
          -0.7256288
        ]
      },
      "properties": {
        "name": "Guest House Jane",
        "category": "ACCOMMODATION",
        "osm_type": "node",
        "osm_id": 4549350098,
        "address": "Moi South Lake Road, Naivasha",
        "phone": "+254719477832",
        "email": "",
        "website": "https://facebook.com/guesthouse.jane",
        "opening_hours": "",
        "description": "Actually not a guest house, but huge apartments with big living room and two separate sleeping rooms with two beds each. The complex is very nice and quiet, it also features a restaurant and a swimming pool.",
        "wikipedia": "",
        "wikidata": "",
        "osm_url": "https://www.openstreetmap.org/node/4549350098",
        "operator": "",
        "cuisine": "",
        "religion": "",
        "denomination": "",
        "tourism": "hotel",
        "amenity": "",
        "historic": "",
        "leisure": ""
      }
    },
    {
      "type": "Feature",
      "geometry": {
        "type": "Point",
        "coordinates": [
          36.0600894,
          -0.2944759
        ]
      },
      "properties": {
        "name": "Pivot Hotel And Fitness Centre",
        "category": "ACCOMMODATION",
        "osm_type": "node",
        "osm_id": 4607705395,
        "address": "Lower Bedi Road, Nakuru",
        "phone": "",
        "email": "",
        "website": "",
        "opening_hours": "",
        "description": "",
        "wikipedia": "",
        "wikidata": "",
        "osm_url": "https://www.openstreetmap.org/node/4607705395",
        "operator": "",
        "cuisine": "",
        "religion": "",
        "denomination": "",
        "tourism": "hotel",
        "amenity": "",
        "historic": "",
        "leisure": ""
      }
    },
    {
      "type": "Feature",
      "geometry": {
        "type": "Point",
        "coordinates": [
          36.0669281,
          -0.2904534
        ]
      },
      "properties": {
        "name": "Mt Kenya University Hostels",
        "category": "ACCOMMODATION",
        "osm_type": "node",
        "osm_id": 4808847307,
        "address": "",
        "phone": "",
        "email": "",
        "website": "",
        "opening_hours": "",
        "description": "",
        "wikipedia": "",
        "wikidata": "",
        "osm_url": "https://www.openstreetmap.org/node/4808847307",
        "operator": "",
        "cuisine": "",
        "religion": "",
        "denomination": "",
        "tourism": "hostel",
        "amenity": "",
        "historic": "",
        "leisure": ""
      }
    },
    {
      "type": "Feature",
      "geometry": {
        "type": "Point",
        "coordinates": [
          36.4376257,
          -0.7538062
        ]
      },
      "properties": {
        "name": "Masada Hotel",
        "category": "ACCOMMODATION",
        "osm_type": "node",
        "osm_id": 4845803546,
        "address": "Moi South Lake Road, Naivasha",
        "phone": "",
        "email": "",
        "website": "",
        "opening_hours": "",
        "description": "",
        "wikipedia": "",
        "wikidata": "",
        "osm_url": "https://www.openstreetmap.org/node/4845803546",
        "operator": "",
        "cuisine": "",
        "religion": "",
        "denomination": "",
        "tourism": "hotel",
        "amenity": "",
        "historic": "",
        "leisure": ""
      }
    },
    {
      "type": "Feature",
      "geometry": {
        "type": "Point",
        "coordinates": [
          36.2603312,
          -0.8139822
        ]
      },
      "properties": {
        "name": "Flamingo Community Cottages",
        "category": "ACCOMMODATION",
        "osm_type": "node",
        "osm_id": 4845889051,
        "address": "Moi North lake Road, Kongoni",
        "phone": "",
        "email": "",
        "website": "",
        "opening_hours": "",
        "description": "",
        "wikipedia": "",
        "wikidata": "",
        "osm_url": "https://www.openstreetmap.org/node/4845889051",
        "operator": "",
        "cuisine": "",
        "religion": "",
        "denomination": "",
        "tourism": "motel",
        "amenity": "",
        "historic": "",
        "leisure": ""
      }
    },
    {
      "type": "Feature",
      "geometry": {
        "type": "Point",
        "coordinates": [
          36.0689295,
          -0.2995587
        ]
      },
      "properties": {
        "name": "Sleepway Cottages",
        "category": "ACCOMMODATION",
        "osm_type": "node",
        "osm_id": 4861996821,
        "address": "Uhuru Street, Nakuru",
        "phone": "",
        "email": "",
        "website": "",
        "opening_hours": "",
        "description": "",
        "wikipedia": "",
        "wikidata": "Q111125762",
        "osm_url": "https://www.openstreetmap.org/node/4861996821",
        "operator": "",
        "cuisine": "",
        "religion": "",
        "denomination": "",
        "tourism": "hotel",
        "amenity": "",
        "historic": "",
        "leisure": ""
      }
    },
    {
      "type": "Feature",
      "geometry": {
        "type": "Point",
        "coordinates": [
          36.07583,
          -0.3006586
        ]
      },
      "properties": {
        "name": "Alpine",
        "category": "ACCOMMODATION",
        "osm_type": "node",
        "osm_id": 4927702455,
        "address": "",
        "phone": "",
        "email": "",
        "website": "",
        "opening_hours": "",
        "description": "",
        "wikipedia": "",
        "wikidata": "",
        "osm_url": "https://www.openstreetmap.org/node/4927702455",
        "operator": "",
        "cuisine": "",
        "religion": "",
        "denomination": "",
        "tourism": "hotel",
        "amenity": "",
        "historic": "",
        "leisure": ""
      }
    },
    {
      "type": "Feature",
      "geometry": {
        "type": "Point",
        "coordinates": [
          36.4705801,
          -0.7530427
        ]
      },
      "properties": {
        "name": "Newstead Hotel",
        "category": "ACCOMMODATION",
        "osm_type": "node",
        "osm_id": 4986216421,
        "address": "Nairobi - Nakuru Road",
        "phone": "",
        "email": "",
        "website": "",
        "opening_hours": "",
        "description": "",
        "wikipedia": "",
        "wikidata": "",
        "osm_url": "https://www.openstreetmap.org/node/4986216421",
        "operator": "",
        "cuisine": "",
        "religion": "",
        "denomination": "",
        "tourism": "hotel",
        "amenity": "",
        "historic": "",
        "leisure": ""
      }
    },
    {
      "type": "Feature",
      "geometry": {
        "type": "Point",
        "coordinates": [
          36.2320978,
          -0.5310079
        ]
      },
      "properties": {
        "name": "Sleeping Warrior Lodge",
        "category": "ACCOMMODATION",
        "osm_type": "node",
        "osm_id": 5187864969,
        "address": "",
        "phone": "",
        "email": "",
        "website": "",
        "opening_hours": "",
        "description": "",
        "wikipedia": "",
        "wikidata": "",
        "osm_url": "https://www.openstreetmap.org/node/5187864969",
        "operator": "",
        "cuisine": "",
        "religion": "",
        "denomination": "",
        "tourism": "hotel",
        "amenity": "",
        "historic": "",
        "leisure": ""
      }
    },
    {
      "type": "Feature",
      "geometry": {
        "type": "Point",
        "coordinates": [
          36.2302325,
          -0.5078786
        ]
      },
      "properties": {
        "name": "Sleeping Warrior Camp",
        "category": "ACCOMMODATION",
        "osm_type": "node",
        "osm_id": 5187897979,
        "address": "Soysambu Conservancy, Soysambu Conservancy",
        "phone": "",
        "email": "",
        "website": "",
        "opening_hours": "",
        "description": "",
        "wikipedia": "",
        "wikidata": "",
        "osm_url": "https://www.openstreetmap.org/node/5187897979",
        "operator": "",
        "cuisine": "",
        "religion": "",
        "denomination": "",
        "tourism": "hotel",
        "amenity": "",
        "historic": "",
        "leisure": ""
      }
    },
    {
      "type": "Feature",
      "geometry": {
        "type": "Point",
        "coordinates": [
          36.4318006,
          -0.7159704
        ]
      },
      "properties": {
        "name": "Wambuku Inn",
        "category": "ACCOMMODATION",
        "osm_type": "node",
        "osm_id": 5374178721,
        "address": "",
        "phone": "",
        "email": "",
        "website": "",
        "opening_hours": "",
        "description": "",
        "wikipedia": "",
        "wikidata": "",
        "osm_url": "https://www.openstreetmap.org/node/5374178721",
        "operator": "",
        "cuisine": "",
        "religion": "",
        "denomination": "",
        "tourism": "hotel",
        "amenity": "",
        "historic": "",
        "leisure": ""
      }
    },
    {
      "type": "Feature",
      "geometry": {
        "type": "Point",
        "coordinates": [
          36.10976,
          -0.3074
        ]
      },
      "properties": {
        "name": "Wildlife Club of Kenya Hostel",
        "category": "ACCOMMODATION",
        "osm_type": "node",
        "osm_id": 5377880222,
        "address": "",
        "phone": "+254 723999263",
        "email": "info@wildlifeclubsofkenya.org",
        "website": "http://www.wildlifeclubsofkenya.org",
        "opening_hours": "",
        "description": "",
        "wikipedia": "",
        "wikidata": "",
        "osm_url": "https://www.openstreetmap.org/node/5377880222",
        "operator": "",
        "cuisine": "",
        "religion": "",
        "denomination": "",
        "tourism": "hostel",
        "amenity": "",
        "historic": "",
        "leisure": ""
      }
    },
    {
      "type": "Feature",
      "geometry": {
        "type": "Point",
        "coordinates": [
          36.1080544,
          -0.2951904
        ]
      },
      "properties": {
        "name": "Wildlife Clubs Of Kenya Guest House Nakuru",
        "category": "ACCOMMODATION",
        "osm_type": "node",
        "osm_id": 5383227522,
        "address": "Nairobi-Nakuru Road",
        "phone": "+254733747004",
        "email": "info@wildlifeclubsofkenya.org",
        "website": "http://www.wildlifeclubsofkenya.org",
        "opening_hours": "",
        "description": "",
        "wikipedia": "",
        "wikidata": "",
        "osm_url": "https://www.openstreetmap.org/node/5383227522",
        "operator": "",
        "cuisine": "",
        "religion": "",
        "denomination": "",
        "tourism": "guest_house",
        "amenity": "",
        "historic": "",
        "leisure": ""
      }
    },
    {
      "type": "Feature",
      "geometry": {
        "type": "Point",
        "coordinates": [
          36.3341785,
          -0.8242855
        ]
      },
      "properties": {
        "name": "Fish Eagle",
        "category": "ACCOMMODATION",
        "osm_type": "node",
        "osm_id": 5591697958,
        "address": "",
        "phone": "",
        "email": "",
        "website": "",
        "opening_hours": "",
        "description": "",
        "wikipedia": "",
        "wikidata": "",
        "osm_url": "https://www.openstreetmap.org/node/5591697958",
        "operator": "Fish Eagle Inn",
        "cuisine": "",
        "religion": "",
        "denomination": "",
        "tourism": "camp_site",
        "amenity": "",
        "historic": "",
        "leisure": ""
      }
    },
    {
      "type": "Feature",
      "geometry": {
        "type": "Point",
        "coordinates": [
          36.4267055,
          -0.7648472
        ]
      },
      "properties": {
        "name": "Lake Naivasha Crescent Camp",
        "category": "ACCOMMODATION",
        "osm_type": "node",
        "osm_id": 5694562021,
        "address": "Moi South Lake Road, Naivasha",
        "phone": "",
        "email": "",
        "website": "",
        "opening_hours": "",
        "description": "",
        "wikipedia": "",
        "wikidata": "",
        "osm_url": "https://www.openstreetmap.org/node/5694562021",
        "operator": "",
        "cuisine": "",
        "religion": "",
        "denomination": "",
        "tourism": "hotel",
        "amenity": "",
        "historic": "",
        "leisure": ""
      }
    },
    {
      "type": "Feature",
      "geometry": {
        "type": "Point",
        "coordinates": [
          36.2620335,
          -0.4479488
        ]
      },
      "properties": {
        "name": "Sirville lake lodge",
        "category": "ACCOMMODATION",
        "osm_type": "node",
        "osm_id": 5759219121,
        "address": "",
        "phone": "",
        "email": "",
        "website": "",
        "opening_hours": "",
        "description": "",
        "wikipedia": "",
        "wikidata": "",
        "osm_url": "https://www.openstreetmap.org/node/5759219121",
        "operator": "",
        "cuisine": "",
        "religion": "",
        "denomination": "",
        "tourism": "hotel",
        "amenity": "",
        "historic": "",
        "leisure": ""
      }
    },
    {
      "type": "Feature",
      "geometry": {
        "type": "Point",
        "coordinates": [
          36.4403715,
          -0.7582589
        ]
      },
      "properties": {
        "name": "Fina Gardens Resort",
        "category": "ACCOMMODATION",
        "osm_type": "node",
        "osm_id": 5799216853,
        "address": "South Lake Road, Karagita",
        "phone": "",
        "email": "",
        "website": "",
        "opening_hours": "",
        "description": "",
        "wikipedia": "",
        "wikidata": "",
        "osm_url": "https://www.openstreetmap.org/node/5799216853",
        "operator": "",
        "cuisine": "",
        "religion": "",
        "denomination": "",
        "tourism": "hotel",
        "amenity": "",
        "historic": "",
        "leisure": ""
      }
    },
    {
      "type": "Feature",
      "geometry": {
        "type": "Point",
        "coordinates": [
          36.0696297,
          -0.2992955
        ]
      },
      "properties": {
        "name": "citymax",
        "category": "ACCOMMODATION",
        "osm_type": "node",
        "osm_id": 5815758454,
        "address": "",
        "phone": "0711 853 328",
        "email": "",
        "website": "",
        "opening_hours": "",
        "description": "",
        "wikipedia": "",
        "wikidata": "",
        "osm_url": "https://www.openstreetmap.org/node/5815758454",
        "operator": "",
        "cuisine": "",
        "religion": "",
        "denomination": "",
        "tourism": "hotel",
        "amenity": "",
        "historic": "",
        "leisure": ""
      }
    },
    {
      "type": "Feature",
      "geometry": {
        "type": "Point",
        "coordinates": [
          36.1439341,
          -0.318643
        ]
      },
      "properties": {
        "name": "Miale The Hotel",
        "category": "ACCOMMODATION",
        "osm_type": "node",
        "osm_id": 5903940477,
        "address": "001, Nairobi-Nakuru Road, Nakuru",
        "phone": "",
        "email": "",
        "website": "",
        "opening_hours": "",
        "description": "",
        "wikipedia": "",
        "wikidata": "",
        "osm_url": "https://www.openstreetmap.org/node/5903940477",
        "operator": "",
        "cuisine": "",
        "religion": "",
        "denomination": "",
        "tourism": "hotel",
        "amenity": "",
        "historic": "",
        "leisure": ""
      }
    },
    {
      "type": "Feature",
      "geometry": {
        "type": "Point",
        "coordinates": [
          36.0735104,
          -0.2848354
        ]
      },
      "properties": {
        "name": "Red Rose",
        "category": "ACCOMMODATION",
        "osm_type": "node",
        "osm_id": 6015088887,
        "address": "",
        "phone": "",
        "email": "",
        "website": "",
        "opening_hours": "",
        "description": "",
        "wikipedia": "",
        "wikidata": "",
        "osm_url": "https://www.openstreetmap.org/node/6015088887",
        "operator": "",
        "cuisine": "",
        "religion": "",
        "denomination": "",
        "tourism": "hotel",
        "amenity": "",
        "historic": "",
        "leisure": ""
      }
    },
    {
      "type": "Feature",
      "geometry": {
        "type": "Point",
        "coordinates": [
          36.52197,
          -0.7939261
        ]
      },
      "properties": {
        "name": "Kisa Adventures",
        "category": "ACCOMMODATION",
        "osm_type": "node",
        "osm_id": 6054980225,
        "address": "Nairobi - Nakuru Road",
        "phone": "",
        "email": "",
        "website": "",
        "opening_hours": "",
        "description": "",
        "wikipedia": "",
        "wikidata": "",
        "osm_url": "https://www.openstreetmap.org/node/6054980225",
        "operator": "",
        "cuisine": "",
        "religion": "",
        "denomination": "",
        "tourism": "camp_site",
        "amenity": "",
        "historic": "",
        "leisure": ""
      }
    },
    {
      "type": "Feature",
      "geometry": {
        "type": "Point",
        "coordinates": [
          36.4279468,
          -0.7013744
        ]
      },
      "properties": {
        "name": "Eseriani The Hotel",
        "category": "ACCOMMODATION",
        "osm_type": "node",
        "osm_id": 6057393286,
        "address": "Nairobi - Nakuru Road, Naivasha",
        "phone": "",
        "email": "",
        "website": "",
        "opening_hours": "",
        "description": "",
        "wikipedia": "",
        "wikidata": "",
        "osm_url": "https://www.openstreetmap.org/node/6057393286",
        "operator": "",
        "cuisine": "",
        "religion": "",
        "denomination": "",
        "tourism": "hotel",
        "amenity": "",
        "historic": "",
        "leisure": ""
      }
    },
    {
      "type": "Feature",
      "geometry": {
        "type": "Point",
        "coordinates": [
          36.4288687,
          -0.7115347
        ]
      },
      "properties": {
        "name": "Petda Guest house",
        "category": "ACCOMMODATION",
        "osm_type": "node",
        "osm_id": 6057983912,
        "address": "Moi Avenue, Naivasha",
        "phone": "",
        "email": "",
        "website": "",
        "opening_hours": "",
        "description": "",
        "wikipedia": "",
        "wikidata": "",
        "osm_url": "https://www.openstreetmap.org/node/6057983912",
        "operator": "",
        "cuisine": "",
        "religion": "",
        "denomination": "",
        "tourism": "guest_house",
        "amenity": "",
        "historic": "",
        "leisure": ""
      }
    },
    {
      "type": "Feature",
      "geometry": {
        "type": "Point",
        "coordinates": [
          36.4328519,
          -0.7182155
        ]
      },
      "properties": {
        "name": "Labelle Lodge",
        "category": "ACCOMMODATION",
        "osm_type": "node",
        "osm_id": 6057983917,
        "address": "Moi Avenue, Naivasha",
        "phone": "",
        "email": "",
        "website": "",
        "opening_hours": "",
        "description": "",
        "wikipedia": "",
        "wikidata": "",
        "osm_url": "https://www.openstreetmap.org/node/6057983917",
        "operator": "",
        "cuisine": "",
        "religion": "",
        "denomination": "",
        "tourism": "hotel",
        "amenity": "",
        "historic": "",
        "leisure": ""
      }
    },
    {
      "type": "Feature",
      "geometry": {
        "type": "Point",
        "coordinates": [
          36.4334922,
          -0.717493
        ]
      },
      "properties": {
        "name": "Supa Lodge",
        "category": "ACCOMMODATION",
        "osm_type": "node",
        "osm_id": 6057983922,
        "address": "Kariuki Chotora, Naivasha",
        "phone": "",
        "email": "",
        "website": "",
        "opening_hours": "",
        "description": "",
        "wikipedia": "",
        "wikidata": "",
        "osm_url": "https://www.openstreetmap.org/node/6057983922",
        "operator": "",
        "cuisine": "",
        "religion": "",
        "denomination": "",
        "tourism": "hotel",
        "amenity": "",
        "historic": "",
        "leisure": ""
      }
    },
    {
      "type": "Feature",
      "geometry": {
        "type": "Point",
        "coordinates": [
          36.4323856,
          -0.7161182
        ]
      },
      "properties": {
        "name": "Ken-Vash Hotel",
        "category": "ACCOMMODATION",
        "osm_type": "node",
        "osm_id": 6057983949,
        "address": "Kariuki Chotora, Naivasha",
        "phone": "",
        "email": "",
        "website": "",
        "opening_hours": "",
        "description": "",
        "wikipedia": "",
        "wikidata": "",
        "osm_url": "https://www.openstreetmap.org/node/6057983949",
        "operator": "",
        "cuisine": "",
        "religion": "",
        "denomination": "",
        "tourism": "hotel",
        "amenity": "",
        "historic": "",
        "leisure": ""
      }
    },
    {
      "type": "Feature",
      "geometry": {
        "type": "Point",
        "coordinates": [
          36.4315325,
          -0.7145952
        ]
      },
      "properties": {
        "name": "Roza Guest House",
        "category": "ACCOMMODATION",
        "osm_type": "node",
        "osm_id": 6057983958,
        "address": "Moi Avenue, Naivasha",
        "phone": "",
        "email": "",
        "website": "",
        "opening_hours": "",
        "description": "",
        "wikipedia": "",
        "wikidata": "",
        "osm_url": "https://www.openstreetmap.org/node/6057983958",
        "operator": "",
        "cuisine": "",
        "religion": "",
        "denomination": "",
        "tourism": "hotel",
        "amenity": "",
        "historic": "",
        "leisure": ""
      }
    },
    {
      "type": "Feature",
      "geometry": {
        "type": "Point",
        "coordinates": [
          36.429382,
          -0.7109786
        ]
      },
      "properties": {
        "name": "Aqua Lodge",
        "category": "ACCOMMODATION",
        "osm_type": "node",
        "osm_id": 6057983966,
        "address": "Moi Avenue, Naivasha",
        "phone": "",
        "email": "",
        "website": "",
        "opening_hours": "",
        "description": "",
        "wikipedia": "",
        "wikidata": "",
        "osm_url": "https://www.openstreetmap.org/node/6057983966",
        "operator": "",
        "cuisine": "",
        "religion": "",
        "denomination": "",
        "tourism": "hotel",
        "amenity": "",
        "historic": "",
        "leisure": ""
      }
    },
    {
      "type": "Feature",
      "geometry": {
        "type": "Point",
        "coordinates": [
          36.4292656,
          -0.710753
        ]
      },
      "properties": {
        "name": "Dreamsworld Guest House",
        "category": "ACCOMMODATION",
        "osm_type": "node",
        "osm_id": 6057983967,
        "address": "Moi Avenue, Naivasha",
        "phone": "",
        "email": "",
        "website": "",
        "opening_hours": "",
        "description": "",
        "wikipedia": "",
        "wikidata": "",
        "osm_url": "https://www.openstreetmap.org/node/6057983967",
        "operator": "",
        "cuisine": "",
        "religion": "",
        "denomination": "",
        "tourism": "hotel",
        "amenity": "",
        "historic": "",
        "leisure": ""
      }
    },
    {
      "type": "Feature",
      "geometry": {
        "type": "Point",
        "coordinates": [
          36.44975,
          -0.7319389
        ]
      },
      "properties": {
        "name": "Genesis Guest House",
        "category": "ACCOMMODATION",
        "osm_type": "node",
        "osm_id": 6058067010,
        "address": "Kenyatta Avenue, Naivasha",
        "phone": "",
        "email": "",
        "website": "",
        "opening_hours": "",
        "description": "",
        "wikipedia": "",
        "wikidata": "",
        "osm_url": "https://www.openstreetmap.org/node/6058067010",
        "operator": "",
        "cuisine": "",
        "religion": "",
        "denomination": "",
        "tourism": "hotel",
        "amenity": "",
        "historic": "",
        "leisure": ""
      }
    },
    {
      "type": "Feature",
      "geometry": {
        "type": "Point",
        "coordinates": [
          36.4491704,
          -0.7306107
        ]
      },
      "properties": {
        "name": "Guest Inn",
        "category": "ACCOMMODATION",
        "osm_type": "node",
        "osm_id": 6058067011,
        "address": "Kenyatta Avenue, Naivasha",
        "phone": "",
        "email": "",
        "website": "",
        "opening_hours": "",
        "description": "",
        "wikipedia": "",
        "wikidata": "",
        "osm_url": "https://www.openstreetmap.org/node/6058067011",
        "operator": "",
        "cuisine": "",
        "religion": "",
        "denomination": "",
        "tourism": "hotel",
        "amenity": "",
        "historic": "",
        "leisure": ""
      }
    },
    {
      "type": "Feature",
      "geometry": {
        "type": "Point",
        "coordinates": [
          36.435763,
          -0.7249577
        ]
      },
      "properties": {
        "name": "Olive Resort",
        "category": "ACCOMMODATION",
        "osm_type": "node",
        "osm_id": 6059988221,
        "address": "Moi South Lake Road, Naivasha",
        "phone": "",
        "email": "",
        "website": "",
        "opening_hours": "",
        "description": "",
        "wikipedia": "",
        "wikidata": "",
        "osm_url": "https://www.openstreetmap.org/node/6059988221",
        "operator": "",
        "cuisine": "",
        "religion": "",
        "denomination": "",
        "tourism": "hotel",
        "amenity": "",
        "historic": "",
        "leisure": ""
      }
    },
    {
      "type": "Feature",
      "geometry": {
        "type": "Point",
        "coordinates": [
          35.9689042,
          -0.17235
        ]
      },
      "properties": {
        "name": "Kabarak Guest House",
        "category": "ACCOMMODATION",
        "osm_type": "node",
        "osm_id": 6064437375,
        "address": "",
        "phone": "",
        "email": "",
        "website": "",
        "opening_hours": "",
        "description": "",
        "wikipedia": "",
        "wikidata": "",
        "osm_url": "https://www.openstreetmap.org/node/6064437375",
        "operator": "",
        "cuisine": "",
        "religion": "",
        "denomination": "",
        "tourism": "guest_house",
        "amenity": "",
        "historic": "",
        "leisure": ""
      }
    },
    {
      "type": "Feature",
      "geometry": {
        "type": "Point",
        "coordinates": [
          35.964851,
          -0.1672196
        ]
      },
      "properties": {
        "name": "Boys Hostel Block 1",
        "category": "ACCOMMODATION",
        "osm_type": "node",
        "osm_id": 6064441824,
        "address": "",
        "phone": "",
        "email": "",
        "website": "",
        "opening_hours": "",
        "description": "",
        "wikipedia": "",
        "wikidata": "",
        "osm_url": "https://www.openstreetmap.org/node/6064441824",
        "operator": "",
        "cuisine": "",
        "religion": "",
        "denomination": "",
        "tourism": "hostel",
        "amenity": "",
        "historic": "",
        "leisure": ""
      }
    },
    {
      "type": "Feature",
      "geometry": {
        "type": "Point",
        "coordinates": [
          35.9645688,
          -0.1667208
        ]
      },
      "properties": {
        "name": "Boys Hostel Block 2",
        "category": "ACCOMMODATION",
        "osm_type": "node",
        "osm_id": 6064441825,
        "address": "",
        "phone": "",
        "email": "",
        "website": "",
        "opening_hours": "",
        "description": "",
        "wikipedia": "",
        "wikidata": "",
        "osm_url": "https://www.openstreetmap.org/node/6064441825",
        "operator": "",
        "cuisine": "",
        "religion": "",
        "denomination": "",
        "tourism": "hostel",
        "amenity": "",
        "historic": "",
        "leisure": ""
      }
    },
    {
      "type": "Feature",
      "geometry": {
        "type": "Point",
        "coordinates": [
          35.9639923,
          -0.1664853
        ]
      },
      "properties": {
        "name": "Boys Hostel Block 3",
        "category": "ACCOMMODATION",
        "osm_type": "node",
        "osm_id": 6064441826,
        "address": "",
        "phone": "",
        "email": "",
        "website": "",
        "opening_hours": "",
        "description": "",
        "wikipedia": "",
        "wikidata": "",
        "osm_url": "https://www.openstreetmap.org/node/6064441826",
        "operator": "",
        "cuisine": "",
        "religion": "",
        "denomination": "",
        "tourism": "hostel",
        "amenity": "",
        "historic": "",
        "leisure": ""
      }
    },
    {
      "type": "Feature",
      "geometry": {
        "type": "Point",
        "coordinates": [
          35.9642493,
          -0.1659613
        ]
      },
      "properties": {
        "name": "Boys Hostel Block 4",
        "category": "ACCOMMODATION",
        "osm_type": "node",
        "osm_id": 6064441827,
        "address": "",
        "phone": "",
        "email": "",
        "website": "",
        "opening_hours": "",
        "description": "",
        "wikipedia": "",
        "wikidata": "",
        "osm_url": "https://www.openstreetmap.org/node/6064441827",
        "operator": "",
        "cuisine": "",
        "religion": "",
        "denomination": "",
        "tourism": "hostel",
        "amenity": "",
        "historic": "",
        "leisure": ""
      }
    },
    {
      "type": "Feature",
      "geometry": {
        "type": "Point",
        "coordinates": [
          36.0117754,
          -0.3210835
        ]
      },
      "properties": {
        "name": "Ziwa Bush Lodge",
        "category": "ACCOMMODATION",
        "osm_type": "node",
        "osm_id": 6070052119,
        "address": "",
        "phone": "+254721113322",
        "email": "",
        "website": "https://www.ziwalodge.com/",
        "opening_hours": "",
        "description": "lodge and bush camp",
        "wikipedia": "",
        "wikidata": "",
        "osm_url": "https://www.openstreetmap.org/node/6070052119",
        "operator": "",
        "cuisine": "",
        "religion": "",
        "denomination": "",
        "tourism": "camp_site",
        "amenity": "",
        "historic": "",
        "leisure": ""
      }
    },
    {
      "type": "Feature",
      "geometry": {
        "type": "Point",
        "coordinates": [
          36.0553192,
          -0.3682981
        ]
      },
      "properties": {
        "name": "The Cliff",
        "category": "ACCOMMODATION",
        "osm_type": "node",
        "osm_id": 6126047940,
        "address": "",
        "phone": "",
        "email": "",
        "website": "",
        "opening_hours": "",
        "description": "",
        "wikipedia": "",
        "wikidata": "",
        "osm_url": "https://www.openstreetmap.org/node/6126047940",
        "operator": "",
        "cuisine": "",
        "religion": "",
        "denomination": "",
        "tourism": "hotel",
        "amenity": "",
        "historic": "",
        "leisure": ""
      }
    },
    {
      "type": "Feature",
      "geometry": {
        "type": "Point",
        "coordinates": [
          36.042059,
          -0.2854337
        ]
      },
      "properties": {
        "name": "Flamingo Guest House",
        "category": "ACCOMMODATION",
        "osm_type": "node",
        "osm_id": 6151398350,
        "address": "Nakuru-Kisumu Road, Nakuru",
        "phone": "",
        "email": "",
        "website": "",
        "opening_hours": "",
        "description": "",
        "wikipedia": "",
        "wikidata": "",
        "osm_url": "https://www.openstreetmap.org/node/6151398350",
        "operator": "",
        "cuisine": "",
        "religion": "",
        "denomination": "",
        "tourism": "hotel",
        "amenity": "",
        "historic": "",
        "leisure": ""
      }
    },
    {
      "type": "Feature",
      "geometry": {
        "type": "Point",
        "coordinates": [
          36.0498128,
          -0.2932795
        ]
      },
      "properties": {
        "name": "Imani Guest House & Confrence Centre",
        "category": "ACCOMMODATION",
        "osm_type": "node",
        "osm_id": 6151398356,
        "address": "Nakuru",
        "phone": "",
        "email": "",
        "website": "",
        "opening_hours": "",
        "description": "",
        "wikipedia": "",
        "wikidata": "",
        "osm_url": "https://www.openstreetmap.org/node/6151398356",
        "operator": "",
        "cuisine": "",
        "religion": "",
        "denomination": "",
        "tourism": "hotel",
        "amenity": "",
        "historic": "",
        "leisure": ""
      }
    },
    {
      "type": "Feature",
      "geometry": {
        "type": "Point",
        "coordinates": [
          36.0595506,
          -0.2943911
        ]
      },
      "properties": {
        "name": "Manyatta Hotel",
        "category": "ACCOMMODATION",
        "osm_type": "node",
        "osm_id": 6151466842,
        "address": "Lower Bedi Road, Nakuru",
        "phone": "",
        "email": "",
        "website": "",
        "opening_hours": "",
        "description": "",
        "wikipedia": "",
        "wikidata": "",
        "osm_url": "https://www.openstreetmap.org/node/6151466842",
        "operator": "",
        "cuisine": "",
        "religion": "",
        "denomination": "",
        "tourism": "hotel",
        "amenity": "",
        "historic": "",
        "leisure": ""
      }
    },
    {
      "type": "Feature",
      "geometry": {
        "type": "Point",
        "coordinates": [
          36.0615339,
          -0.2908849
        ]
      },
      "properties": {
        "name": "Mau View Hotel",
        "category": "ACCOMMODATION",
        "osm_type": "node",
        "osm_id": 6151497051,
        "address": "Lower Bedi Road, Nakuru",
        "phone": "",
        "email": "",
        "website": "",
        "opening_hours": "",
        "description": "",
        "wikipedia": "",
        "wikidata": "",
        "osm_url": "https://www.openstreetmap.org/node/6151497051",
        "operator": "",
        "cuisine": "",
        "religion": "",
        "denomination": "",
        "tourism": "hotel",
        "amenity": "",
        "historic": "",
        "leisure": ""
      }
    },
    {
      "type": "Feature",
      "geometry": {
        "type": "Point",
        "coordinates": [
          36.0657147,
          -0.2764903
        ]
      },
      "properties": {
        "name": "Peniel Guest House",
        "category": "ACCOMMODATION",
        "osm_type": "node",
        "osm_id": 6192315392,
        "address": "Show Ground Road, Nakuru",
        "phone": "",
        "email": "",
        "website": "",
        "opening_hours": "",
        "description": "",
        "wikipedia": "",
        "wikidata": "",
        "osm_url": "https://www.openstreetmap.org/node/6192315392",
        "operator": "",
        "cuisine": "",
        "religion": "",
        "denomination": "",
        "tourism": "hotel",
        "amenity": "",
        "historic": "",
        "leisure": ""
      }
    },
    {
      "type": "Feature",
      "geometry": {
        "type": "Point",
        "coordinates": [
          36.0755948,
          -0.2788683
        ]
      },
      "properties": {
        "name": "Milele Resort",
        "category": "ACCOMMODATION",
        "osm_type": "node",
        "osm_id": 6192315398,
        "address": "Nakuru-Sigor Road, Nakuru",
        "phone": "",
        "email": "",
        "website": "",
        "opening_hours": "",
        "description": "",
        "wikipedia": "",
        "wikidata": "",
        "osm_url": "https://www.openstreetmap.org/node/6192315398",
        "operator": "",
        "cuisine": "",
        "religion": "",
        "denomination": "",
        "tourism": "hotel",
        "amenity": "",
        "historic": "",
        "leisure": ""
      }
    },
    {
      "type": "Feature",
      "geometry": {
        "type": "Point",
        "coordinates": [
          36.0617611,
          -0.2985535
        ]
      },
      "properties": {
        "name": "Kenlands Relax Inn",
        "category": "ACCOMMODATION",
        "osm_type": "node",
        "osm_id": 6192315399,
        "address": "West Road, Nakuru",
        "phone": "",
        "email": "",
        "website": "",
        "opening_hours": "",
        "description": "",
        "wikipedia": "",
        "wikidata": "",
        "osm_url": "https://www.openstreetmap.org/node/6192315399",
        "operator": "",
        "cuisine": "",
        "religion": "",
        "denomination": "",
        "tourism": "hotel",
        "amenity": "",
        "historic": "",
        "leisure": ""
      }
    },
    {
      "type": "Feature",
      "geometry": {
        "type": "Point",
        "coordinates": [
          36.0649014,
          -0.2995633
        ]
      },
      "properties": {
        "name": "Zillian Park Hotel",
        "category": "ACCOMMODATION",
        "osm_type": "node",
        "osm_id": 6192315400,
        "address": "Baringo Street, Nakuru",
        "phone": "",
        "email": "",
        "website": "",
        "opening_hours": "",
        "description": "",
        "wikipedia": "",
        "wikidata": "",
        "osm_url": "https://www.openstreetmap.org/node/6192315400",
        "operator": "",
        "cuisine": "",
        "religion": "",
        "denomination": "",
        "tourism": "hotel",
        "amenity": "",
        "historic": "",
        "leisure": ""
      }
    },
    {
      "type": "Feature",
      "geometry": {
        "type": "Point",
        "coordinates": [
          36.3121622,
          -0.498032
        ]
      },
      "properties": {
        "name": "Hotel Horns",
        "category": "ACCOMMODATION",
        "osm_type": "node",
        "osm_id": 6241342214,
        "address": "Eburru Road, Gilgil",
        "phone": "",
        "email": "",
        "website": "",
        "opening_hours": "",
        "description": "",
        "wikipedia": "",
        "wikidata": "",
        "osm_url": "https://www.openstreetmap.org/node/6241342214",
        "operator": "",
        "cuisine": "",
        "religion": "",
        "denomination": "",
        "tourism": "hotel",
        "amenity": "",
        "historic": "",
        "leisure": ""
      }
    },
    {
      "type": "Feature",
      "geometry": {
        "type": "Point",
        "coordinates": [
          36.3186518,
          -0.4986702
        ]
      },
      "properties": {
        "name": "Hotel Freci",
        "category": "ACCOMMODATION",
        "osm_type": "node",
        "osm_id": 6241342224,
        "address": "Gilgil-Nyahururu Road, Gilgil",
        "phone": "+254 725 726266",
        "email": "info@hotelfreci.co.ke",
        "website": "https://www.hotelfreci.co.ke",
        "opening_hours": "",
        "description": "",
        "wikipedia": "",
        "wikidata": "",
        "osm_url": "https://www.openstreetmap.org/node/6241342224",
        "operator": "",
        "cuisine": "",
        "religion": "",
        "denomination": "",
        "tourism": "hotel",
        "amenity": "",
        "historic": "",
        "leisure": ""
      }
    },
    {
      "type": "Feature",
      "geometry": {
        "type": "Point",
        "coordinates": [
          36.3282371,
          -0.5016179
        ]
      },
      "properties": {
        "name": "MAWA Guest House",
        "category": "ACCOMMODATION",
        "osm_type": "node",
        "osm_id": 6241342239,
        "address": "Gilgil Town Road, Gilgil",
        "phone": "",
        "email": "",
        "website": "",
        "opening_hours": "",
        "description": "",
        "wikipedia": "",
        "wikidata": "",
        "osm_url": "https://www.openstreetmap.org/node/6241342239",
        "operator": "",
        "cuisine": "",
        "religion": "",
        "denomination": "",
        "tourism": "guest_house",
        "amenity": "",
        "historic": "",
        "leisure": ""
      }
    },
    {
      "type": "Feature",
      "geometry": {
        "type": "Point",
        "coordinates": [
          36.3624802,
          -0.4871472
        ]
      },
      "properties": {
        "name": "Kika Lodge",
        "category": "ACCOMMODATION",
        "osm_type": "node",
        "osm_id": 6241342250,
        "address": "Gilgil-Nyahururu, Gilgil",
        "phone": "",
        "email": "",
        "website": "",
        "opening_hours": "",
        "description": "",
        "wikipedia": "",
        "wikidata": "",
        "osm_url": "https://www.openstreetmap.org/node/6241342250",
        "operator": "",
        "cuisine": "",
        "religion": "",
        "denomination": "",
        "tourism": "motel",
        "amenity": "",
        "historic": "",
        "leisure": ""
      }
    },
    {
      "type": "Feature",
      "geometry": {
        "type": "Point",
        "coordinates": [
          36.3674685,
          -0.4876972
        ]
      },
      "properties": {
        "name": "BROOKS LODGE GILGIL",
        "category": "ACCOMMODATION",
        "osm_type": "node",
        "osm_id": 6241342251,
        "address": "Gilgil-Nyahururu, Gilgil",
        "phone": "",
        "email": "",
        "website": "",
        "opening_hours": "",
        "description": "",
        "wikipedia": "",
        "wikidata": "",
        "osm_url": "https://www.openstreetmap.org/node/6241342251",
        "operator": "",
        "cuisine": "",
        "religion": "",
        "denomination": "",
        "tourism": "motel",
        "amenity": "",
        "historic": "",
        "leisure": ""
      }
    },
    {
      "type": "Feature",
      "geometry": {
        "type": "Point",
        "coordinates": [
          36.1997508,
          -0.2674823
        ]
      },
      "properties": {
        "name": "Capital Hill Lodge",
        "category": "ACCOMMODATION",
        "osm_type": "node",
        "osm_id": 6241663963,
        "address": "Forest Road, Nakuru",
        "phone": "",
        "email": "",
        "website": "",
        "opening_hours": "",
        "description": "",
        "wikipedia": "",
        "wikidata": "",
        "osm_url": "https://www.openstreetmap.org/node/6241663963",
        "operator": "",
        "cuisine": "",
        "religion": "",
        "denomination": "",
        "tourism": "motel",
        "amenity": "",
        "historic": "",
        "leisure": ""
      }
    },
    {
      "type": "Feature",
      "geometry": {
        "type": "Point",
        "coordinates": [
          36.0672217,
          -0.3088133
        ]
      },
      "properties": {
        "name": "Nyati Guest House",
        "category": "ACCOMMODATION",
        "osm_type": "node",
        "osm_id": 6293943635,
        "address": "",
        "phone": "",
        "email": "",
        "website": "",
        "opening_hours": "",
        "description": "",
        "wikipedia": "",
        "wikidata": "",
        "osm_url": "https://www.openstreetmap.org/node/6293943635",
        "operator": "",
        "cuisine": "",
        "religion": "",
        "denomination": "",
        "tourism": "guest_house",
        "amenity": "",
        "historic": "",
        "leisure": ""
      }
    },
    {
      "type": "Feature",
      "geometry": {
        "type": "Point",
        "coordinates": [
          36.430755,
          -0.7116289
        ]
      },
      "properties": {
        "name": "Golden Bay Hotel",
        "category": "ACCOMMODATION",
        "osm_type": "node",
        "osm_id": 6294763785,
        "address": "Naivasha",
        "phone": "",
        "email": "",
        "website": "",
        "opening_hours": "",
        "description": "",
        "wikipedia": "",
        "wikidata": "",
        "osm_url": "https://www.openstreetmap.org/node/6294763785",
        "operator": "",
        "cuisine": "",
        "religion": "",
        "denomination": "",
        "tourism": "hotel",
        "amenity": "",
        "historic": "",
        "leisure": ""
      }
    },
    {
      "type": "Feature",
      "geometry": {
        "type": "Point",
        "coordinates": [
          36.3154187,
          -0.499914
        ]
      },
      "properties": {
        "name": "Bufallo Lodge",
        "category": "ACCOMMODATION",
        "osm_type": "node",
        "osm_id": 6333127367,
        "address": "Nairobi-Nakuru Road, Gilgil",
        "phone": "",
        "email": "",
        "website": "",
        "opening_hours": "",
        "description": "",
        "wikipedia": "",
        "wikidata": "",
        "osm_url": "https://www.openstreetmap.org/node/6333127367",
        "operator": "",
        "cuisine": "",
        "religion": "",
        "denomination": "",
        "tourism": "hotel",
        "amenity": "",
        "historic": "",
        "leisure": ""
      }
    },
    {
      "type": "Feature",
      "geometry": {
        "type": "Point",
        "coordinates": [
          36.4085114,
          -0.7843465
        ]
      },
      "properties": {
        "name": "The Use-Less Center",
        "category": "ACCOMMODATION",
        "osm_type": "node",
        "osm_id": 6347038985,
        "address": "South Lake Road",
        "phone": "+254718395325",
        "email": "annemuhabi@gmail.com",
        "website": "",
        "opening_hours": "Mo-Su 07:00-07:00",
        "description": "",
        "wikipedia": "",
        "wikidata": "",
        "osm_url": "https://www.openstreetmap.org/node/6347038985",
        "operator": "",
        "cuisine": "",
        "religion": "",
        "denomination": "",
        "tourism": "camp_site",
        "amenity": "",
        "historic": "",
        "leisure": ""
      }
    },
    {
      "type": "Feature",
      "geometry": {
        "type": "Point",
        "coordinates": [
          35.939566,
          -0.3363511
        ]
      },
      "properties": {
        "name": "Njoro Golf Club",
        "category": "ACCOMMODATION",
        "osm_type": "node",
        "osm_id": 6355861657,
        "address": "Njoro",
        "phone": "",
        "email": "",
        "website": "",
        "opening_hours": "",
        "description": "",
        "wikipedia": "",
        "wikidata": "",
        "osm_url": "https://www.openstreetmap.org/node/6355861657",
        "operator": "",
        "cuisine": "",
        "religion": "",
        "denomination": "",
        "tourism": "hotel",
        "amenity": "",
        "historic": "",
        "leisure": ""
      }
    },
    {
      "type": "Feature",
      "geometry": {
        "type": "Point",
        "coordinates": [
          36.144062,
          -0.2972322
        ]
      },
      "properties": {
        "name": "Lanet Matfam Resort",
        "category": "ACCOMMODATION",
        "osm_type": "node",
        "osm_id": 6852377985,
        "address": "",
        "phone": "",
        "email": "",
        "website": "",
        "opening_hours": "",
        "description": "",
        "wikipedia": "",
        "wikidata": "",
        "osm_url": "https://www.openstreetmap.org/node/6852377985",
        "operator": "",
        "cuisine": "",
        "religion": "",
        "denomination": "",
        "tourism": "hotel",
        "amenity": "",
        "historic": "",
        "leisure": ""
      }
    },
    {
      "type": "Feature",
      "geometry": {
        "type": "Point",
        "coordinates": [
          36.5906734,
          -0.9862221
        ]
      },
      "properties": {
        "name": "GMT Guest House",
        "category": "ACCOMMODATION",
        "osm_type": "node",
        "osm_id": 6905898164,
        "address": "Kamandura-Maai Mahiu-Narok Road, Mai Mahiu",
        "phone": "",
        "email": "",
        "website": "",
        "opening_hours": "",
        "description": "",
        "wikipedia": "",
        "wikidata": "",
        "osm_url": "https://www.openstreetmap.org/node/6905898164",
        "operator": "",
        "cuisine": "",
        "religion": "",
        "denomination": "",
        "tourism": "hotel",
        "amenity": "",
        "historic": "",
        "leisure": ""
      }
    },
    {
      "type": "Feature",
      "geometry": {
        "type": "Point",
        "coordinates": [
          36.5885216,
          -0.9836101
        ]
      },
      "properties": {
        "name": "Saboti",
        "category": "ACCOMMODATION",
        "osm_type": "node",
        "osm_id": 6905898166,
        "address": "Kamandura-Maai Mahiu-Narok Road, Mai Mahiu",
        "phone": "",
        "email": "",
        "website": "",
        "opening_hours": "",
        "description": "",
        "wikipedia": "",
        "wikidata": "",
        "osm_url": "https://www.openstreetmap.org/node/6905898166",
        "operator": "",
        "cuisine": "",
        "religion": "",
        "denomination": "",
        "tourism": "hotel",
        "amenity": "",
        "historic": "",
        "leisure": ""
      }
    },
    {
      "type": "Feature",
      "geometry": {
        "type": "Point",
        "coordinates": [
          36.4515467,
          -0.7706844
        ]
      },
      "properties": {
        "name": "Triple Eden Naivasha",
        "category": "ACCOMMODATION",
        "osm_type": "node",
        "osm_id": 6905898174,
        "address": "Old Naivasha Road, Karagita",
        "phone": "",
        "email": "",
        "website": "",
        "opening_hours": "",
        "description": "",
        "wikipedia": "",
        "wikidata": "",
        "osm_url": "https://www.openstreetmap.org/node/6905898174",
        "operator": "",
        "cuisine": "",
        "religion": "",
        "denomination": "",
        "tourism": "hotel",
        "amenity": "",
        "historic": "",
        "leisure": ""
      }
    },
    {
      "type": "Feature",
      "geometry": {
        "type": "Point",
        "coordinates": [
          36.4341544,
          -0.7623902
        ]
      },
      "properties": {
        "name": "The Nest Boutique",
        "category": "ACCOMMODATION",
        "osm_type": "node",
        "osm_id": 6905898180,
        "address": "South Lake Road, Karagita",
        "phone": "",
        "email": "",
        "website": "",
        "opening_hours": "",
        "description": "",
        "wikipedia": "",
        "wikidata": "",
        "osm_url": "https://www.openstreetmap.org/node/6905898180",
        "operator": "",
        "cuisine": "",
        "religion": "",
        "denomination": "",
        "tourism": "hotel",
        "amenity": "",
        "historic": "",
        "leisure": ""
      }
    },
    {
      "type": "Feature",
      "geometry": {
        "type": "Point",
        "coordinates": [
          36.4365268,
          -0.7587501
        ]
      },
      "properties": {
        "name": "Chambai Safari",
        "category": "ACCOMMODATION",
        "osm_type": "node",
        "osm_id": 6905898181,
        "address": "South Lake Road, Karagita",
        "phone": "",
        "email": "",
        "website": "",
        "opening_hours": "",
        "description": "",
        "wikipedia": "",
        "wikidata": "",
        "osm_url": "https://www.openstreetmap.org/node/6905898181",
        "operator": "",
        "cuisine": "",
        "religion": "",
        "denomination": "",
        "tourism": "hotel",
        "amenity": "",
        "historic": "",
        "leisure": ""
      }
    },
    {
      "type": "Feature",
      "geometry": {
        "type": "Point",
        "coordinates": [
          36.4301082,
          -0.7638655
        ]
      },
      "properties": {
        "name": "Dea's Gardens",
        "category": "ACCOMMODATION",
        "osm_type": "node",
        "osm_id": 6905898182,
        "address": "Mois Lake Road, Karagita",
        "phone": "",
        "email": "",
        "website": "",
        "opening_hours": "",
        "description": "",
        "wikipedia": "",
        "wikidata": "",
        "osm_url": "https://www.openstreetmap.org/node/6905898182",
        "operator": "",
        "cuisine": "",
        "religion": "",
        "denomination": "",
        "tourism": "hotel",
        "amenity": "",
        "historic": "",
        "leisure": ""
      }
    },
    {
      "type": "Feature",
      "geometry": {
        "type": "Point",
        "coordinates": [
          36.4337104,
          -0.7653537
        ]
      },
      "properties": {
        "name": "Chambai Safari",
        "category": "ACCOMMODATION",
        "osm_type": "node",
        "osm_id": 6905898183,
        "address": "Moi South Lake Road, Karagita",
        "phone": "",
        "email": "",
        "website": "",
        "opening_hours": "",
        "description": "",
        "wikipedia": "",
        "wikidata": "",
        "osm_url": "https://www.openstreetmap.org/node/6905898183",
        "operator": "",
        "cuisine": "",
        "religion": "",
        "denomination": "",
        "tourism": "hotel",
        "amenity": "",
        "historic": "",
        "leisure": ""
      }
    },
    {
      "type": "Feature",
      "geometry": {
        "type": "Point",
        "coordinates": [
          36.4334947,
          -0.7634341
        ]
      },
      "properties": {
        "name": "Burch's Resort",
        "category": "ACCOMMODATION",
        "osm_type": "node",
        "osm_id": 6905900385,
        "address": "Moi South Lake Road, Naivasha",
        "phone": "",
        "email": "",
        "website": "",
        "opening_hours": "",
        "description": "",
        "wikipedia": "",
        "wikidata": "",
        "osm_url": "https://www.openstreetmap.org/node/6905900385",
        "operator": "",
        "cuisine": "",
        "religion": "",
        "denomination": "",
        "tourism": "hotel",
        "amenity": "",
        "historic": "",
        "leisure": ""
      }
    },
    {
      "type": "Feature",
      "geometry": {
        "type": "Point",
        "coordinates": [
          36.4349614,
          -0.7494005
        ]
      },
      "properties": {
        "name": "Kiboko Luxury Camp",
        "category": "ACCOMMODATION",
        "osm_type": "node",
        "osm_id": 6905900386,
        "address": "Moi South Lake Road, Naivasha",
        "phone": "",
        "email": "",
        "website": "",
        "opening_hours": "",
        "description": "",
        "wikipedia": "",
        "wikidata": "",
        "osm_url": "https://www.openstreetmap.org/node/6905900386",
        "operator": "",
        "cuisine": "",
        "religion": "",
        "denomination": "",
        "tourism": "hotel",
        "amenity": "",
        "historic": "",
        "leisure": ""
      }
    },
    {
      "type": "Feature",
      "geometry": {
        "type": "Point",
        "coordinates": [
          36.4330057,
          -0.7494077
        ]
      },
      "properties": {
        "name": "She'gadia",
        "category": "ACCOMMODATION",
        "osm_type": "node",
        "osm_id": 6905900387,
        "address": "Moi S Lake Road, Karagita",
        "phone": "",
        "email": "",
        "website": "",
        "opening_hours": "",
        "description": "",
        "wikipedia": "",
        "wikidata": "",
        "osm_url": "https://www.openstreetmap.org/node/6905900387",
        "operator": "",
        "cuisine": "",
        "religion": "",
        "denomination": "",
        "tourism": "camp_site",
        "amenity": "",
        "historic": "",
        "leisure": ""
      }
    },
    {
      "type": "Feature",
      "geometry": {
        "type": "Point",
        "coordinates": [
          36.4389228,
          -0.7316398
        ]
      },
      "properties": {
        "name": "Lakeview Resort",
        "category": "ACCOMMODATION",
        "osm_type": "node",
        "osm_id": 6905900388,
        "address": "Moi South Lake Road, Naivasha",
        "phone": "",
        "email": "",
        "website": "",
        "opening_hours": "",
        "description": "",
        "wikipedia": "",
        "wikidata": "",
        "osm_url": "https://www.openstreetmap.org/node/6905900388",
        "operator": "",
        "cuisine": "",
        "religion": "",
        "denomination": "",
        "tourism": "hotel",
        "amenity": "",
        "historic": "",
        "leisure": ""
      }
    },
    {
      "type": "Feature",
      "geometry": {
        "type": "Point",
        "coordinates": [
          36.4391107,
          -0.7306274
        ]
      },
      "properties": {
        "name": "Jaza Naivasha Resort",
        "category": "ACCOMMODATION",
        "osm_type": "node",
        "osm_id": 6905900389,
        "address": "Mama Ngina Road, Naivasha",
        "phone": "",
        "email": "",
        "website": "",
        "opening_hours": "",
        "description": "",
        "wikipedia": "",
        "wikidata": "",
        "osm_url": "https://www.openstreetmap.org/node/6905900389",
        "operator": "",
        "cuisine": "",
        "religion": "",
        "denomination": "",
        "tourism": "hotel",
        "amenity": "",
        "historic": "",
        "leisure": ""
      }
    },
    {
      "type": "Feature",
      "geometry": {
        "type": "Point",
        "coordinates": [
          36.4418038,
          -0.7293436
        ]
      },
      "properties": {
        "name": "Aloepark",
        "category": "ACCOMMODATION",
        "osm_type": "node",
        "osm_id": 6905900390,
        "address": "Lake View 1st Drive, Naivasha",
        "phone": "",
        "email": "",
        "website": "",
        "opening_hours": "",
        "description": "",
        "wikipedia": "",
        "wikidata": "",
        "osm_url": "https://www.openstreetmap.org/node/6905900390",
        "operator": "",
        "cuisine": "",
        "religion": "",
        "denomination": "",
        "tourism": "hotel",
        "amenity": "",
        "historic": "",
        "leisure": ""
      }
    },
    {
      "type": "Feature",
      "geometry": {
        "type": "Point",
        "coordinates": [
          36.4382965,
          -0.7283624
        ]
      },
      "properties": {
        "name": "Taphe Guest Resort",
        "category": "ACCOMMODATION",
        "osm_type": "node",
        "osm_id": 6905900391,
        "address": "Taphe Guest Resort Road, Naivasha",
        "phone": "+254 707 319981",
        "email": "info@tapheguestresort.com",
        "website": "https://www.tapheguestresort.com/",
        "opening_hours": "",
        "description": "",
        "wikipedia": "",
        "wikidata": "",
        "osm_url": "https://www.openstreetmap.org/node/6905900391",
        "operator": "",
        "cuisine": "",
        "religion": "",
        "denomination": "",
        "tourism": "hotel",
        "amenity": "",
        "historic": "",
        "leisure": ""
      }
    },
    {
      "type": "Feature",
      "geometry": {
        "type": "Point",
        "coordinates": [
          36.4369813,
          -0.7276214
        ]
      },
      "properties": {
        "name": "Lake Naivasha Panorama Park",
        "category": "ACCOMMODATION",
        "osm_type": "node",
        "osm_id": 6905900392,
        "address": "Moi South Lake Road, Naivasha",
        "phone": "",
        "email": "",
        "website": "",
        "opening_hours": "",
        "description": "",
        "wikipedia": "",
        "wikidata": "",
        "osm_url": "https://www.openstreetmap.org/node/6905900392",
        "operator": "",
        "cuisine": "",
        "religion": "",
        "denomination": "",
        "tourism": "hotel",
        "amenity": "",
        "historic": "",
        "leisure": ""
      }
    },
    {
      "type": "Feature",
      "geometry": {
        "type": "Point",
        "coordinates": [
          36.4271281,
          -0.7059436
        ]
      },
      "properties": {
        "name": "Yellow green",
        "category": "ACCOMMODATION",
        "osm_type": "node",
        "osm_id": 6905900399,
        "address": "Moi South Lake Road, Naivasha",
        "phone": "",
        "email": "",
        "website": "",
        "opening_hours": "",
        "description": "",
        "wikipedia": "",
        "wikidata": "",
        "osm_url": "https://www.openstreetmap.org/node/6905900399",
        "operator": "",
        "cuisine": "",
        "religion": "",
        "denomination": "",
        "tourism": "hotel",
        "amenity": "",
        "historic": "",
        "leisure": ""
      }
    },
    {
      "type": "Feature",
      "geometry": {
        "type": "Point",
        "coordinates": [
          36.4536639,
          -0.7329408
        ]
      },
      "properties": {
        "name": "Heritage Resort",
        "category": "ACCOMMODATION",
        "osm_type": "node",
        "osm_id": 6905900401,
        "address": "Nairobi - Nakuru Road, Naivasha",
        "phone": "",
        "email": "",
        "website": "",
        "opening_hours": "",
        "description": "",
        "wikipedia": "",
        "wikidata": "",
        "osm_url": "https://www.openstreetmap.org/node/6905900401",
        "operator": "",
        "cuisine": "",
        "religion": "",
        "denomination": "",
        "tourism": "hotel",
        "amenity": "",
        "historic": "",
        "leisure": ""
      }
    },
    {
      "type": "Feature",
      "geometry": {
        "type": "Point",
        "coordinates": [
          36.3146265,
          -0.5004807
        ]
      },
      "properties": {
        "name": "Gilgil",
        "category": "ACCOMMODATION",
        "osm_type": "node",
        "osm_id": 6905949139,
        "address": "Nairobi-Nakuru Road, Gilgil",
        "phone": "",
        "email": "",
        "website": "",
        "opening_hours": "",
        "description": "",
        "wikipedia": "",
        "wikidata": "",
        "osm_url": "https://www.openstreetmap.org/node/6905949139",
        "operator": "",
        "cuisine": "",
        "religion": "",
        "denomination": "",
        "tourism": "hotel",
        "amenity": "",
        "historic": "",
        "leisure": ""
      }
    },
    {
      "type": "Feature",
      "geometry": {
        "type": "Point",
        "coordinates": [
          36.2802824,
          -0.4672571
        ]
      },
      "properties": {
        "name": "Zeituni",
        "category": "ACCOMMODATION",
        "osm_type": "node",
        "osm_id": 6911874744,
        "address": "Nairobi-Nakuru Road, Gilgil",
        "phone": "",
        "email": "",
        "website": "",
        "opening_hours": "",
        "description": "",
        "wikipedia": "",
        "wikidata": "",
        "osm_url": "https://www.openstreetmap.org/node/6911874744",
        "operator": "",
        "cuisine": "",
        "religion": "",
        "denomination": "",
        "tourism": "hotel",
        "amenity": "",
        "historic": "",
        "leisure": ""
      }
    },
    {
      "type": "Feature",
      "geometry": {
        "type": "Point",
        "coordinates": [
          36.2685367,
          -0.4757441
        ]
      },
      "properties": {
        "name": "Oasis Eco",
        "category": "ACCOMMODATION",
        "osm_type": "node",
        "osm_id": 6912769744,
        "address": "",
        "phone": "",
        "email": "",
        "website": "http://oasisadventures.co.ke/",
        "opening_hours": "",
        "description": "",
        "wikipedia": "",
        "wikidata": "",
        "osm_url": "https://www.openstreetmap.org/node/6912769744",
        "operator": "",
        "cuisine": "",
        "religion": "",
        "denomination": "",
        "tourism": "hotel",
        "amenity": "",
        "historic": "",
        "leisure": ""
      }
    },
    {
      "type": "Feature",
      "geometry": {
        "type": "Point",
        "coordinates": [
          36.2624042,
          -0.4496081
        ]
      },
      "properties": {
        "name": "Pelican Lodge Elementaita",
        "category": "ACCOMMODATION",
        "osm_type": "node",
        "osm_id": 6912769746,
        "address": "Nakuru",
        "phone": "",
        "email": "",
        "website": "",
        "opening_hours": "",
        "description": "",
        "wikipedia": "",
        "wikidata": "",
        "osm_url": "https://www.openstreetmap.org/node/6912769746",
        "operator": "",
        "cuisine": "",
        "religion": "",
        "denomination": "",
        "tourism": "hotel",
        "amenity": "",
        "historic": "",
        "leisure": ""
      }
    },
    {
      "type": "Feature",
      "geometry": {
        "type": "Point",
        "coordinates": [
          36.2727209,
          -0.4450821
        ]
      },
      "properties": {
        "name": "Epashikino Resort",
        "category": "ACCOMMODATION",
        "osm_type": "node",
        "osm_id": 6912769748,
        "address": "Nairobi-Nakuru Road, Kanyawa",
        "phone": "",
        "email": "",
        "website": "",
        "opening_hours": "",
        "description": "",
        "wikipedia": "",
        "wikidata": "",
        "osm_url": "https://www.openstreetmap.org/node/6912769748",
        "operator": "",
        "cuisine": "",
        "religion": "",
        "denomination": "",
        "tourism": "hotel",
        "amenity": "",
        "historic": "",
        "leisure": ""
      }
    },
    {
      "type": "Feature",
      "geometry": {
        "type": "Point",
        "coordinates": [
          36.2638832,
          -0.4347933
        ]
      },
      "properties": {
        "name": "Caravan Motel",
        "category": "ACCOMMODATION",
        "osm_type": "node",
        "osm_id": 6912769749,
        "address": "Nairobi-Nakuru Road, Nakuru",
        "phone": "",
        "email": "",
        "website": "",
        "opening_hours": "",
        "description": "",
        "wikipedia": "",
        "wikidata": "",
        "osm_url": "https://www.openstreetmap.org/node/6912769749",
        "operator": "",
        "cuisine": "",
        "religion": "",
        "denomination": "",
        "tourism": "hotel",
        "amenity": "",
        "historic": "",
        "leisure": ""
      }
    },
    {
      "type": "Feature",
      "geometry": {
        "type": "Point",
        "coordinates": [
          36.2583344,
          -0.433912
        ]
      },
      "properties": {
        "name": "Da Lool Holiday Home",
        "category": "ACCOMMODATION",
        "osm_type": "node",
        "osm_id": 6912769750,
        "address": "Nairobi-Nakuru Road",
        "phone": "",
        "email": "",
        "website": "",
        "opening_hours": "",
        "description": "",
        "wikipedia": "",
        "wikidata": "",
        "osm_url": "https://www.openstreetmap.org/node/6912769750",
        "operator": "",
        "cuisine": "",
        "religion": "",
        "denomination": "",
        "tourism": "hotel",
        "amenity": "",
        "historic": "",
        "leisure": ""
      }
    },
    {
      "type": "Feature",
      "geometry": {
        "type": "Point",
        "coordinates": [
          36.2501314,
          -0.4329809
        ]
      },
      "properties": {
        "name": "Sentrim Elementaita",
        "category": "ACCOMMODATION",
        "osm_type": "node",
        "osm_id": 6912769751,
        "address": "Elementaita",
        "phone": "",
        "email": "",
        "website": "",
        "opening_hours": "",
        "description": "",
        "wikipedia": "",
        "wikidata": "",
        "osm_url": "https://www.openstreetmap.org/node/6912769751",
        "operator": "",
        "cuisine": "",
        "religion": "",
        "denomination": "",
        "tourism": "hotel",
        "amenity": "",
        "historic": "",
        "leisure": ""
      }
    },
    {
      "type": "Feature",
      "geometry": {
        "type": "Point",
        "coordinates": [
          36.2496222,
          -0.4325303
        ]
      },
      "properties": {
        "name": "Duara Flamingo",
        "category": "ACCOMMODATION",
        "osm_type": "node",
        "osm_id": 6912769752,
        "address": "",
        "phone": "",
        "email": "",
        "website": "",
        "opening_hours": "",
        "description": "",
        "wikipedia": "",
        "wikidata": "",
        "osm_url": "https://www.openstreetmap.org/node/6912769752",
        "operator": "",
        "cuisine": "",
        "religion": "",
        "denomination": "",
        "tourism": "camp_site",
        "amenity": "",
        "historic": "",
        "leisure": ""
      }
    },
    {
      "type": "Feature",
      "geometry": {
        "type": "Point",
        "coordinates": [
          36.2495402,
          -0.4220292
        ]
      },
      "properties": {
        "name": "Eagles Point Camp",
        "category": "ACCOMMODATION",
        "osm_type": "node",
        "osm_id": 6912769753,
        "address": "Karura, Kenya",
        "phone": "+254719295135",
        "email": "eaglescamp@gmail.com",
        "website": "",
        "opening_hours": "",
        "description": "",
        "wikipedia": "",
        "wikidata": "",
        "osm_url": "https://www.openstreetmap.org/node/6912769753",
        "operator": "",
        "cuisine": "",
        "religion": "",
        "denomination": "",
        "tourism": "hotel",
        "amenity": "",
        "historic": "",
        "leisure": ""
      }
    },
    {
      "type": "Feature",
      "geometry": {
        "type": "Point",
        "coordinates": [
          36.1724864,
          -0.336492
        ]
      },
      "properties": {
        "name": "Ksh 5,784 Nov 8 – 9 Brownie's Guesthouse",
        "category": "ACCOMMODATION",
        "osm_type": "node",
        "osm_id": 6912769769,
        "address": "Nairobi-Nakuru Road, Nakuru",
        "phone": "",
        "email": "",
        "website": "",
        "opening_hours": "",
        "description": "",
        "wikipedia": "",
        "wikidata": "",
        "osm_url": "https://www.openstreetmap.org/node/6912769769",
        "operator": "",
        "cuisine": "",
        "religion": "",
        "denomination": "",
        "tourism": "guest_house",
        "amenity": "",
        "historic": "",
        "leisure": ""
      }
    },
    {
      "type": "Feature",
      "geometry": {
        "type": "Point",
        "coordinates": [
          36.1420027,
          -0.3160315
        ]
      },
      "properties": {
        "name": "The Stem",
        "category": "ACCOMMODATION",
        "osm_type": "node",
        "osm_id": 6915619054,
        "address": "Old Nairobi Road, Nakuru",
        "phone": "",
        "email": "",
        "website": "",
        "opening_hours": "",
        "description": "",
        "wikipedia": "",
        "wikidata": "",
        "osm_url": "https://www.openstreetmap.org/node/6915619054",
        "operator": "",
        "cuisine": "",
        "religion": "",
        "denomination": "",
        "tourism": "hotel",
        "amenity": "",
        "historic": "",
        "leisure": ""
      }
    },
    {
      "type": "Feature",
      "geometry": {
        "type": "Point",
        "coordinates": [
          36.1368194,
          -0.3060659
        ]
      },
      "properties": {
        "name": "Coolmont Guest house",
        "category": "ACCOMMODATION",
        "osm_type": "node",
        "osm_id": 6915619062,
        "address": "Nakuru",
        "phone": "",
        "email": "",
        "website": "",
        "opening_hours": "",
        "description": "",
        "wikipedia": "",
        "wikidata": "",
        "osm_url": "https://www.openstreetmap.org/node/6915619062",
        "operator": "",
        "cuisine": "",
        "religion": "",
        "denomination": "",
        "tourism": "guest_house",
        "amenity": "",
        "historic": "",
        "leisure": ""
      }
    },
    {
      "type": "Feature",
      "geometry": {
        "type": "Point",
        "coordinates": [
          36.1236428,
          -0.2912253
        ]
      },
      "properties": {
        "name": "Top cliff lodge",
        "category": "ACCOMMODATION",
        "osm_type": "node",
        "osm_id": 6915619075,
        "address": "Old Nairobi Road, Nakuru",
        "phone": "",
        "email": "",
        "website": "",
        "opening_hours": "",
        "description": "",
        "wikipedia": "",
        "wikidata": "",
        "osm_url": "https://www.openstreetmap.org/node/6915619075",
        "operator": "",
        "cuisine": "",
        "religion": "",
        "denomination": "",
        "tourism": "hotel",
        "amenity": "",
        "historic": "",
        "leisure": ""
      }
    },
    {
      "type": "Feature",
      "geometry": {
        "type": "Point",
        "coordinates": [
          36.0769321,
          -0.2897023
        ]
      },
      "properties": {
        "name": "Hotel Bison",
        "category": "ACCOMMODATION",
        "osm_type": "node",
        "osm_id": 6915663485,
        "address": "Mburu Gichua Road, Nakuru",
        "phone": "",
        "email": "",
        "website": "",
        "opening_hours": "",
        "description": "",
        "wikipedia": "",
        "wikidata": "",
        "osm_url": "https://www.openstreetmap.org/node/6915663485",
        "operator": "",
        "cuisine": "",
        "religion": "",
        "denomination": "",
        "tourism": "hotel",
        "amenity": "",
        "historic": "",
        "leisure": ""
      }
    },
    {
      "type": "Feature",
      "geometry": {
        "type": "Point",
        "coordinates": [
          36.0715812,
          -0.3012771
        ]
      },
      "properties": {
        "name": "Leopard View",
        "category": "ACCOMMODATION",
        "osm_type": "node",
        "osm_id": 6915929167,
        "address": "Kanu Street, Nakuru",
        "phone": "",
        "email": "",
        "website": "",
        "opening_hours": "",
        "description": "",
        "wikipedia": "",
        "wikidata": "",
        "osm_url": "https://www.openstreetmap.org/node/6915929167",
        "operator": "",
        "cuisine": "",
        "religion": "",
        "denomination": "",
        "tourism": "hotel",
        "amenity": "",
        "historic": "",
        "leisure": ""
      }
    },
    {
      "type": "Feature",
      "geometry": {
        "type": "Point",
        "coordinates": [
          36.0722865,
          -0.3013789
        ]
      },
      "properties": {
        "name": "Golden Palace",
        "category": "ACCOMMODATION",
        "osm_type": "node",
        "osm_id": 6915929168,
        "address": "Kanu Street, Nakuru",
        "phone": "",
        "email": "",
        "website": "",
        "opening_hours": "",
        "description": "",
        "wikipedia": "",
        "wikidata": "",
        "osm_url": "https://www.openstreetmap.org/node/6915929168",
        "operator": "",
        "cuisine": "",
        "religion": "",
        "denomination": "",
        "tourism": "hotel",
        "amenity": "",
        "historic": "",
        "leisure": ""
      }
    },
    {
      "type": "Feature",
      "geometry": {
        "type": "Point",
        "coordinates": [
          36.0720102,
          -0.3008554
        ]
      },
      "properties": {
        "name": "Genevieve",
        "category": "ACCOMMODATION",
        "osm_type": "node",
        "osm_id": 6915929169,
        "address": "Kanu Street, Nakuru",
        "phone": "",
        "email": "",
        "website": "",
        "opening_hours": "",
        "description": "",
        "wikipedia": "",
        "wikidata": "",
        "osm_url": "https://www.openstreetmap.org/node/6915929169",
        "operator": "",
        "cuisine": "",
        "religion": "",
        "denomination": "",
        "tourism": "hotel",
        "amenity": "",
        "historic": "",
        "leisure": ""
      }
    },
    {
      "type": "Feature",
      "geometry": {
        "type": "Point",
        "coordinates": [
          36.015083,
          -0.2734325
        ]
      },
      "properties": {
        "name": "Junction Forest House",
        "category": "ACCOMMODATION",
        "osm_type": "node",
        "osm_id": 6915929175,
        "address": "Nakuru",
        "phone": "",
        "email": "",
        "website": "",
        "opening_hours": "",
        "description": "",
        "wikipedia": "",
        "wikidata": "",
        "osm_url": "https://www.openstreetmap.org/node/6915929175",
        "operator": "",
        "cuisine": "",
        "religion": "",
        "denomination": "",
        "tourism": "guest_house",
        "amenity": "",
        "historic": "",
        "leisure": ""
      }
    },
    {
      "type": "Feature",
      "geometry": {
        "type": "Point",
        "coordinates": [
          36.2630086,
          -0.4508438
        ]
      },
      "properties": {
        "name": "Cactus Eco Camp",
        "category": "ACCOMMODATION",
        "osm_type": "node",
        "osm_id": 7023153441,
        "address": "Nakuru",
        "phone": "",
        "email": "",
        "website": "",
        "opening_hours": "",
        "description": "",
        "wikipedia": "",
        "wikidata": "",
        "osm_url": "https://www.openstreetmap.org/node/7023153441",
        "operator": "",
        "cuisine": "",
        "religion": "",
        "denomination": "",
        "tourism": "hotel",
        "amenity": "",
        "historic": "",
        "leisure": ""
      }
    },
    {
      "type": "Feature",
      "geometry": {
        "type": "Point",
        "coordinates": [
          36.2665343,
          -0.4484205
        ]
      },
      "properties": {
        "name": "Sirville Lodge",
        "category": "ACCOMMODATION",
        "osm_type": "node",
        "osm_id": 7023153442,
        "address": "",
        "phone": "",
        "email": "",
        "website": "",
        "opening_hours": "",
        "description": "",
        "wikipedia": "",
        "wikidata": "",
        "osm_url": "https://www.openstreetmap.org/node/7023153442",
        "operator": "",
        "cuisine": "",
        "religion": "",
        "denomination": "",
        "tourism": "hotel",
        "amenity": "",
        "historic": "",
        "leisure": ""
      }
    },
    {
      "type": "Feature",
      "geometry": {
        "type": "Point",
        "coordinates": [
          35.9473863,
          -0.3352554
        ]
      },
      "properties": {
        "name": "Highland Guestrooms",
        "category": "ACCOMMODATION",
        "osm_type": "node",
        "osm_id": 7023153443,
        "address": "",
        "phone": "",
        "email": "",
        "website": "",
        "opening_hours": "",
        "description": "",
        "wikipedia": "",
        "wikidata": "",
        "osm_url": "https://www.openstreetmap.org/node/7023153443",
        "operator": "",
        "cuisine": "",
        "religion": "",
        "denomination": "",
        "tourism": "guest_house",
        "amenity": "",
        "historic": "",
        "leisure": ""
      }
    },
    {
      "type": "Feature",
      "geometry": {
        "type": "Point",
        "coordinates": [
          36.5809412,
          -0.9793498
        ]
      },
      "properties": {
        "name": "Escarpment Motel",
        "category": "ACCOMMODATION",
        "osm_type": "node",
        "osm_id": 7038540985,
        "address": "",
        "phone": "",
        "email": "",
        "website": "",
        "opening_hours": "",
        "description": "",
        "wikipedia": "",
        "wikidata": "",
        "osm_url": "https://www.openstreetmap.org/node/7038540985",
        "operator": "",
        "cuisine": "",
        "religion": "",
        "denomination": "",
        "tourism": "motel",
        "amenity": "",
        "historic": "",
        "leisure": ""
      }
    },
    {
      "type": "Feature",
      "geometry": {
        "type": "Point",
        "coordinates": [
          36.4368225,
          -0.7220368
        ]
      },
      "properties": {
        "name": "Burudika Home",
        "category": "ACCOMMODATION",
        "osm_type": "node",
        "osm_id": 7146051986,
        "address": "",
        "phone": "",
        "email": "",
        "website": "",
        "opening_hours": "",
        "description": "",
        "wikipedia": "",
        "wikidata": "",
        "osm_url": "https://www.openstreetmap.org/node/7146051986",
        "operator": "",
        "cuisine": "",
        "religion": "",
        "denomination": "",
        "tourism": "guest_house",
        "amenity": "",
        "historic": "",
        "leisure": ""
      }
    },
    {
      "type": "Feature",
      "geometry": {
        "type": "Point",
        "coordinates": [
          36.4740709,
          -0.7216339
        ]
      },
      "properties": {
        "name": "beulah",
        "category": "ACCOMMODATION",
        "osm_type": "node",
        "osm_id": 7184312508,
        "address": "Naivasha",
        "phone": "",
        "email": "",
        "website": "",
        "opening_hours": "",
        "description": "",
        "wikipedia": "",
        "wikidata": "",
        "osm_url": "https://www.openstreetmap.org/node/7184312508",
        "operator": "",
        "cuisine": "",
        "religion": "",
        "denomination": "",
        "tourism": "hostel",
        "amenity": "",
        "historic": "",
        "leisure": ""
      }
    },
    {
      "type": "Feature",
      "geometry": {
        "type": "Point",
        "coordinates": [
          36.4731231,
          -0.7116029
        ]
      },
      "properties": {
        "name": "Peppercorn Holiday",
        "category": "ACCOMMODATION",
        "osm_type": "node",
        "osm_id": 7184312509,
        "address": "Naivasha",
        "phone": "",
        "email": "",
        "website": "",
        "opening_hours": "",
        "description": "",
        "wikipedia": "",
        "wikidata": "",
        "osm_url": "https://www.openstreetmap.org/node/7184312509",
        "operator": "",
        "cuisine": "",
        "religion": "",
        "denomination": "",
        "tourism": "hotel",
        "amenity": "",
        "historic": "",
        "leisure": ""
      }
    },
    {
      "type": "Feature",
      "geometry": {
        "type": "Point",
        "coordinates": [
          36.4748398,
          -0.7063102
        ]
      },
      "properties": {
        "name": "Dove nest",
        "category": "ACCOMMODATION",
        "osm_type": "node",
        "osm_id": 7184312510,
        "address": "Naivasha",
        "phone": "",
        "email": "",
        "website": "",
        "opening_hours": "",
        "description": "",
        "wikipedia": "",
        "wikidata": "",
        "osm_url": "https://www.openstreetmap.org/node/7184312510",
        "operator": "",
        "cuisine": "",
        "religion": "",
        "denomination": "",
        "tourism": "hotel",
        "amenity": "",
        "historic": "",
        "leisure": ""
      }
    },
    {
      "type": "Feature",
      "geometry": {
        "type": "Point",
        "coordinates": [
          36.0749652,
          -0.2881092
        ]
      },
      "properties": {
        "name": "Eagle palace",
        "category": "ACCOMMODATION",
        "osm_type": "node",
        "osm_id": 7187879253,
        "address": "Oginga Odinga Avenue, Nakuru",
        "phone": "",
        "email": "",
        "website": "",
        "opening_hours": "",
        "description": "",
        "wikipedia": "",
        "wikidata": "",
        "osm_url": "https://www.openstreetmap.org/node/7187879253",
        "operator": "",
        "cuisine": "",
        "religion": "",
        "denomination": "",
        "tourism": "hotel",
        "amenity": "",
        "historic": "",
        "leisure": ""
      }
    },
    {
      "type": "Feature",
      "geometry": {
        "type": "Point",
        "coordinates": [
          36.147291,
          -0.3215887
        ]
      },
      "properties": {
        "name": "Witas Lodge",
        "category": "ACCOMMODATION",
        "osm_type": "node",
        "osm_id": 7197020392,
        "address": "",
        "phone": "",
        "email": "",
        "website": "",
        "opening_hours": "",
        "description": "",
        "wikipedia": "",
        "wikidata": "",
        "osm_url": "https://www.openstreetmap.org/node/7197020392",
        "operator": "",
        "cuisine": "",
        "religion": "",
        "denomination": "",
        "tourism": "hotel",
        "amenity": "",
        "historic": "",
        "leisure": ""
      }
    },
    {
      "type": "Feature",
      "geometry": {
        "type": "Point",
        "coordinates": [
          36.4314976,
          -0.714537
        ]
      },
      "properties": {
        "name": "Twinspot Guest House",
        "category": "ACCOMMODATION",
        "osm_type": "node",
        "osm_id": 7234613285,
        "address": "",
        "phone": "",
        "email": "",
        "website": "",
        "opening_hours": "",
        "description": "",
        "wikipedia": "",
        "wikidata": "",
        "osm_url": "https://www.openstreetmap.org/node/7234613285",
        "operator": "",
        "cuisine": "",
        "religion": "",
        "denomination": "",
        "tourism": "hotel",
        "amenity": "",
        "historic": "",
        "leisure": ""
      }
    },
    {
      "type": "Feature",
      "geometry": {
        "type": "Point",
        "coordinates": [
          36.115918,
          -0.2094479
        ]
      },
      "properties": {
        "name": "Maili Saba",
        "category": "ACCOMMODATION",
        "osm_type": "node",
        "osm_id": 7887411671,
        "address": "Road to Maili Saba",
        "phone": "",
        "email": "",
        "website": "",
        "opening_hours": "",
        "description": "",
        "wikipedia": "",
        "wikidata": "",
        "osm_url": "https://www.openstreetmap.org/node/7887411671",
        "operator": "",
        "cuisine": "",
        "religion": "",
        "denomination": "",
        "tourism": "camp_site",
        "amenity": "",
        "historic": "",
        "leisure": ""
      }
    },
    {
      "type": "Feature",
      "geometry": {
        "type": "Point",
        "coordinates": [
          36.100245,
          -0.2729231
        ]
      },
      "properties": {
        "name": "Blue Bay",
        "category": "ACCOMMODATION",
        "osm_type": "node",
        "osm_id": 7887411676,
        "address": "Solai Road, Nakuru",
        "phone": "",
        "email": "",
        "website": "",
        "opening_hours": "",
        "description": "",
        "wikipedia": "",
        "wikidata": "",
        "osm_url": "https://www.openstreetmap.org/node/7887411676",
        "operator": "",
        "cuisine": "",
        "religion": "",
        "denomination": "",
        "tourism": "hotel",
        "amenity": "",
        "historic": "",
        "leisure": ""
      }
    },
    {
      "type": "Feature",
      "geometry": {
        "type": "Point",
        "coordinates": [
          36.100057,
          -0.2748403
        ]
      },
      "properties": {
        "name": "Travellers Castle",
        "category": "ACCOMMODATION",
        "osm_type": "node",
        "osm_id": 7887411677,
        "address": "Solai Road, Nakuru",
        "phone": "",
        "email": "",
        "website": "",
        "opening_hours": "",
        "description": "",
        "wikipedia": "",
        "wikidata": "",
        "osm_url": "https://www.openstreetmap.org/node/7887411677",
        "operator": "",
        "cuisine": "",
        "religion": "",
        "denomination": "",
        "tourism": "hotel",
        "amenity": "",
        "historic": "",
        "leisure": ""
      }
    },
    {
      "type": "Feature",
      "geometry": {
        "type": "Point",
        "coordinates": [
          36.0770692,
          -0.2806577
        ]
      },
      "properties": {
        "name": "Vienna Woods Holiday Inn",
        "category": "ACCOMMODATION",
        "osm_type": "node",
        "osm_id": 7887411679,
        "address": "Nakuru-Sigor Road, Nakuru",
        "phone": "",
        "email": "",
        "website": "",
        "opening_hours": "",
        "description": "",
        "wikipedia": "",
        "wikidata": "",
        "osm_url": "https://www.openstreetmap.org/node/7887411679",
        "operator": "",
        "cuisine": "",
        "religion": "",
        "denomination": "",
        "tourism": "hotel",
        "amenity": "",
        "historic": "",
        "leisure": ""
      }
    },
    {
      "type": "Feature",
      "geometry": {
        "type": "Point",
        "coordinates": [
          36.4576459,
          -0.7374405
        ]
      },
      "properties": {
        "name": "Merlin Resort",
        "category": "ACCOMMODATION",
        "osm_type": "node",
        "osm_id": 7992221221,
        "address": "Nairobi - Nakuru Road, Naivasha",
        "phone": "",
        "email": "",
        "website": "",
        "opening_hours": "",
        "description": "",
        "wikipedia": "",
        "wikidata": "",
        "osm_url": "https://www.openstreetmap.org/node/7992221221",
        "operator": "",
        "cuisine": "",
        "religion": "",
        "denomination": "",
        "tourism": "hotel",
        "amenity": "",
        "historic": "",
        "leisure": ""
      }
    },
    {
      "type": "Feature",
      "geometry": {
        "type": "Point",
        "coordinates": [
          36.3318404,
          -0.5266021
        ]
      },
      "properties": {
        "name": "Heaven's Gate Prayer Mountain",
        "category": "ACCOMMODATION",
        "osm_type": "node",
        "osm_id": 7992221225,
        "address": "Gilgil Town Road, Gilgil",
        "phone": "",
        "email": "",
        "website": "",
        "opening_hours": "",
        "description": "",
        "wikipedia": "",
        "wikidata": "",
        "osm_url": "https://www.openstreetmap.org/node/7992221225",
        "operator": "",
        "cuisine": "",
        "religion": "",
        "denomination": "",
        "tourism": "hotel",
        "amenity": "",
        "historic": "",
        "leisure": ""
      }
    },
    {
      "type": "Feature",
      "geometry": {
        "type": "Point",
        "coordinates": [
          36.2631088,
          -0.459648
        ]
      },
      "properties": {
        "name": "Kikopey Beach Camp",
        "category": "ACCOMMODATION",
        "osm_type": "node",
        "osm_id": 8006995609,
        "address": "",
        "phone": "",
        "email": "",
        "website": "",
        "opening_hours": "",
        "description": "",
        "wikipedia": "",
        "wikidata": "",
        "osm_url": "https://www.openstreetmap.org/node/8006995609",
        "operator": "",
        "cuisine": "",
        "religion": "",
        "denomination": "",
        "tourism": "camp_site",
        "amenity": "",
        "historic": "",
        "leisure": ""
      }
    },
    {
      "type": "Feature",
      "geometry": {
        "type": "Point",
        "coordinates": [
          36.2570617,
          -0.6046516
        ]
      },
      "properties": {
        "name": "EARTH Camp with Wonder G-Spa",
        "category": "ACCOMMODATION",
        "osm_type": "node",
        "osm_id": 8510392182,
        "address": "",
        "phone": "",
        "email": "",
        "website": "http://naivasha-camping.co.ke/",
        "opening_hours": "",
        "description": "",
        "wikipedia": "",
        "wikidata": "",
        "osm_url": "https://www.openstreetmap.org/node/8510392182",
        "operator": "",
        "cuisine": "",
        "religion": "",
        "denomination": "",
        "tourism": "guest_house",
        "amenity": "",
        "historic": "",
        "leisure": ""
      }
    },
    {
      "type": "Feature",
      "geometry": {
        "type": "Point",
        "coordinates": [
          36.450158,
          -0.7424078
        ]
      },
      "properties": {
        "name": "NaivFLo",
        "category": "ACCOMMODATION",
        "osm_type": "node",
        "osm_id": 8822221717,
        "address": "",
        "phone": "",
        "email": "",
        "website": "",
        "opening_hours": "",
        "description": "",
        "wikipedia": "",
        "wikidata": "",
        "osm_url": "https://www.openstreetmap.org/node/8822221717",
        "operator": "",
        "cuisine": "",
        "religion": "",
        "denomination": "",
        "tourism": "alpine_hut",
        "amenity": "",
        "historic": "",
        "leisure": ""
      }
    },
    {
      "type": "Feature",
      "geometry": {
        "type": "Point",
        "coordinates": [
          36.2580128,
          -0.4203184
        ]
      },
      "properties": {
        "name": "Elementaita StopOver",
        "category": "ACCOMMODATION",
        "osm_type": "node",
        "osm_id": 8954255068,
        "address": "Nairobi-Nakuru Road",
        "phone": "",
        "email": "",
        "website": "",
        "opening_hours": "",
        "description": "",
        "wikipedia": "",
        "wikidata": "",
        "osm_url": "https://www.openstreetmap.org/node/8954255068",
        "operator": "",
        "cuisine": "",
        "religion": "",
        "denomination": "",
        "tourism": "guest_house",
        "amenity": "",
        "historic": "",
        "leisure": ""
      }
    },
    {
      "type": "Feature",
      "geometry": {
        "type": "Point",
        "coordinates": [
          36.1565848,
          -0.3256257
        ]
      },
      "properties": {
        "name": "Buraha Zenoni",
        "category": "ACCOMMODATION",
        "osm_type": "node",
        "osm_id": 8954255071,
        "address": "Barnabas",
        "phone": "",
        "email": "",
        "website": "",
        "opening_hours": "",
        "description": "",
        "wikipedia": "",
        "wikidata": "",
        "osm_url": "https://www.openstreetmap.org/node/8954255071",
        "operator": "",
        "cuisine": "",
        "religion": "",
        "denomination": "",
        "tourism": "hotel",
        "amenity": "",
        "historic": "",
        "leisure": ""
      }
    },
    {
      "type": "Feature",
      "geometry": {
        "type": "Point",
        "coordinates": [
          36.0729425,
          -0.2977307
        ]
      },
      "properties": {
        "name": "Jams",
        "category": "ACCOMMODATION",
        "osm_type": "node",
        "osm_id": 8957386479,
        "address": "Moi Street, Nakuru",
        "phone": "",
        "email": "",
        "website": "",
        "opening_hours": "",
        "description": "",
        "wikipedia": "",
        "wikidata": "",
        "osm_url": "https://www.openstreetmap.org/node/8957386479",
        "operator": "",
        "cuisine": "",
        "religion": "",
        "denomination": "",
        "tourism": "hotel",
        "amenity": "",
        "historic": "",
        "leisure": ""
      }
    },
    {
      "type": "Feature",
      "geometry": {
        "type": "Point",
        "coordinates": [
          36.0127343,
          -0.2547301
        ]
      },
      "properties": {
        "name": "Royal Green Gardens",
        "category": "ACCOMMODATION",
        "osm_type": "node",
        "osm_id": 8963316603,
        "address": "Nakuru-Sigor Road, Nakuru",
        "phone": "",
        "email": "",
        "website": "",
        "opening_hours": "",
        "description": "",
        "wikipedia": "",
        "wikidata": "",
        "osm_url": "https://www.openstreetmap.org/node/8963316603",
        "operator": "",
        "cuisine": "",
        "religion": "",
        "denomination": "",
        "tourism": "hotel",
        "amenity": "",
        "historic": "",
        "leisure": ""
      }
    },
    {
      "type": "Feature",
      "geometry": {
        "type": "Point",
        "coordinates": [
          35.9527736,
          -0.0527751
        ]
      },
      "properties": {
        "name": "Ole Polos Hotel",
        "category": "ACCOMMODATION",
        "osm_type": "node",
        "osm_id": 8974596940,
        "address": "Nakuru-Sigor Road, Athinai",
        "phone": "",
        "email": "",
        "website": "",
        "opening_hours": "",
        "description": "",
        "wikipedia": "",
        "wikidata": "",
        "osm_url": "https://www.openstreetmap.org/node/8974596940",
        "operator": "",
        "cuisine": "",
        "religion": "",
        "denomination": "",
        "tourism": "hotel",
        "amenity": "",
        "historic": "",
        "leisure": ""
      }
    },
    {
      "type": "Feature",
      "geometry": {
        "type": "Point",
        "coordinates": [
          36.0738991,
          -0.3020054
        ]
      },
      "properties": {
        "name": "Joe's Inn",
        "category": "ACCOMMODATION",
        "osm_type": "node",
        "osm_id": 9097199070,
        "address": "",
        "phone": "",
        "email": "",
        "website": "",
        "opening_hours": "",
        "description": "",
        "wikipedia": "",
        "wikidata": "",
        "osm_url": "https://www.openstreetmap.org/node/9097199070",
        "operator": "",
        "cuisine": "",
        "religion": "",
        "denomination": "",
        "tourism": "guest_house",
        "amenity": "",
        "historic": "",
        "leisure": ""
      }
    },
    {
      "type": "Feature",
      "geometry": {
        "type": "Point",
        "coordinates": [
          36.0782398,
          -0.2995196
        ]
      },
      "properties": {
        "name": "Jumuia",
        "category": "ACCOMMODATION",
        "osm_type": "node",
        "osm_id": 9097264195,
        "address": "",
        "phone": "",
        "email": "",
        "website": "",
        "opening_hours": "",
        "description": "",
        "wikipedia": "",
        "wikidata": "",
        "osm_url": "https://www.openstreetmap.org/node/9097264195",
        "operator": "",
        "cuisine": "",
        "religion": "",
        "denomination": "",
        "tourism": "guest_house",
        "amenity": "",
        "historic": "",
        "leisure": ""
      }
    },
    {
      "type": "Feature",
      "geometry": {
        "type": "Point",
        "coordinates": [
          36.0732771,
          -0.3016381
        ]
      },
      "properties": {
        "name": "Rockyard Guest House",
        "category": "ACCOMMODATION",
        "osm_type": "node",
        "osm_id": 9100744633,
        "address": "",
        "phone": "",
        "email": "",
        "website": "",
        "opening_hours": "",
        "description": "",
        "wikipedia": "",
        "wikidata": "",
        "osm_url": "https://www.openstreetmap.org/node/9100744633",
        "operator": "",
        "cuisine": "",
        "religion": "",
        "denomination": "",
        "tourism": "guest_house",
        "amenity": "",
        "historic": "",
        "leisure": ""
      }
    },
    {
      "type": "Feature",
      "geometry": {
        "type": "Point",
        "coordinates": [
          36.0717669,
          -0.3023294
        ]
      },
      "properties": {
        "name": "Ranger's Castle",
        "category": "ACCOMMODATION",
        "osm_type": "node",
        "osm_id": 9100744639,
        "address": "",
        "phone": "",
        "email": "",
        "website": "",
        "opening_hours": "",
        "description": "",
        "wikipedia": "",
        "wikidata": "",
        "osm_url": "https://www.openstreetmap.org/node/9100744639",
        "operator": "",
        "cuisine": "",
        "religion": "",
        "denomination": "",
        "tourism": "guest_house",
        "amenity": "",
        "historic": "",
        "leisure": ""
      }
    },
    {
      "type": "Feature",
      "geometry": {
        "type": "Point",
        "coordinates": [
          36.0717901,
          -0.3020614
        ]
      },
      "properties": {
        "name": "Nakuru Annexe",
        "category": "ACCOMMODATION",
        "osm_type": "node",
        "osm_id": 9100744647,
        "address": "",
        "phone": "",
        "email": "",
        "website": "",
        "opening_hours": "",
        "description": "",
        "wikipedia": "",
        "wikidata": "",
        "osm_url": "https://www.openstreetmap.org/node/9100744647",
        "operator": "",
        "cuisine": "",
        "religion": "",
        "denomination": "",
        "tourism": "guest_house",
        "amenity": "",
        "historic": "",
        "leisure": ""
      }
    },
    {
      "type": "Feature",
      "geometry": {
        "type": "Point",
        "coordinates": [
          36.0762944,
          -0.3002917
        ]
      },
      "properties": {
        "name": "The Eros",
        "category": "ACCOMMODATION",
        "osm_type": "node",
        "osm_id": 9101351111,
        "address": "",
        "phone": "",
        "email": "",
        "website": "",
        "opening_hours": "",
        "description": "",
        "wikipedia": "",
        "wikidata": "",
        "osm_url": "https://www.openstreetmap.org/node/9101351111",
        "operator": "",
        "cuisine": "",
        "religion": "",
        "denomination": "",
        "tourism": "hotel",
        "amenity": "",
        "historic": "",
        "leisure": ""
      }
    },
    {
      "type": "Feature",
      "geometry": {
        "type": "Point",
        "coordinates": [
          36.0769905,
          -0.2999897
        ]
      },
      "properties": {
        "name": "Royal Spring Suites",
        "category": "ACCOMMODATION",
        "osm_type": "node",
        "osm_id": 9101351113,
        "address": "",
        "phone": "",
        "email": "",
        "website": "",
        "opening_hours": "",
        "description": "",
        "wikipedia": "",
        "wikidata": "",
        "osm_url": "https://www.openstreetmap.org/node/9101351113",
        "operator": "",
        "cuisine": "",
        "religion": "",
        "denomination": "",
        "tourism": "guest_house",
        "amenity": "",
        "historic": "",
        "leisure": ""
      }
    },
    {
      "type": "Feature",
      "geometry": {
        "type": "Point",
        "coordinates": [
          36.0656624,
          -0.3051293
        ]
      },
      "properties": {
        "name": "Lion",
        "category": "ACCOMMODATION",
        "osm_type": "node",
        "osm_id": 9103624585,
        "address": "",
        "phone": "",
        "email": "",
        "website": "",
        "opening_hours": "",
        "description": "",
        "wikipedia": "",
        "wikidata": "",
        "osm_url": "https://www.openstreetmap.org/node/9103624585",
        "operator": "",
        "cuisine": "",
        "religion": "",
        "denomination": "",
        "tourism": "guest_house",
        "amenity": "",
        "historic": "",
        "leisure": ""
      }
    },
    {
      "type": "Feature",
      "geometry": {
        "type": "Point",
        "coordinates": [
          36.0686772,
          -0.3046848
        ]
      },
      "properties": {
        "name": "Parkview Palace",
        "category": "ACCOMMODATION",
        "osm_type": "node",
        "osm_id": 9103624595,
        "address": "",
        "phone": "",
        "email": "",
        "website": "",
        "opening_hours": "",
        "description": "",
        "wikipedia": "",
        "wikidata": "",
        "osm_url": "https://www.openstreetmap.org/node/9103624595",
        "operator": "",
        "cuisine": "",
        "religion": "",
        "denomination": "",
        "tourism": "guest_house",
        "amenity": "",
        "historic": "",
        "leisure": ""
      }
    },
    {
      "type": "Feature",
      "geometry": {
        "type": "Point",
        "coordinates": [
          36.0687741,
          -0.3037909
        ]
      },
      "properties": {
        "name": "Heliport",
        "category": "ACCOMMODATION",
        "osm_type": "node",
        "osm_id": 9103624610,
        "address": "",
        "phone": "",
        "email": "",
        "website": "",
        "opening_hours": "",
        "description": "",
        "wikipedia": "",
        "wikidata": "",
        "osm_url": "https://www.openstreetmap.org/node/9103624610",
        "operator": "",
        "cuisine": "",
        "religion": "",
        "denomination": "",
        "tourism": "guest_house",
        "amenity": "",
        "historic": "",
        "leisure": ""
      }
    },
    {
      "type": "Feature",
      "geometry": {
        "type": "Point",
        "coordinates": [
          35.8119692,
          -0.3026228
        ]
      },
      "properties": {
        "name": "Maridadi",
        "category": "ACCOMMODATION",
        "osm_type": "node",
        "osm_id": 9119090717,
        "address": "",
        "phone": "",
        "email": "",
        "website": "",
        "opening_hours": "",
        "description": "Rooms 700 KSH",
        "wikipedia": "",
        "wikidata": "",
        "osm_url": "https://www.openstreetmap.org/node/9119090717",
        "operator": "",
        "cuisine": "",
        "religion": "",
        "denomination": "",
        "tourism": "guest_house",
        "amenity": "",
        "historic": "",
        "leisure": ""
      }
    },
    {
      "type": "Feature",
      "geometry": {
        "type": "Point",
        "coordinates": [
          36.0728031,
          -0.2977295
        ]
      },
      "properties": {
        "name": "Jams Hotel",
        "category": "ACCOMMODATION",
        "osm_type": "node",
        "osm_id": 9840997518,
        "address": "",
        "phone": "",
        "email": "",
        "website": "",
        "opening_hours": "",
        "description": "",
        "wikipedia": "",
        "wikidata": "",
        "osm_url": "https://www.openstreetmap.org/node/9840997518",
        "operator": "",
        "cuisine": "",
        "religion": "",
        "denomination": "",
        "tourism": "hotel",
        "amenity": "",
        "historic": "",
        "leisure": ""
      }
    },
    {
      "type": "Feature",
      "geometry": {
        "type": "Point",
        "coordinates": [
          36.0662665,
          -0.304773
        ]
      },
      "properties": {
        "name": "Ararat Hotel",
        "category": "ACCOMMODATION",
        "osm_type": "node",
        "osm_id": 9843288389,
        "address": "",
        "phone": "",
        "email": "",
        "website": "",
        "opening_hours": "",
        "description": "",
        "wikipedia": "",
        "wikidata": "",
        "osm_url": "https://www.openstreetmap.org/node/9843288389",
        "operator": "",
        "cuisine": "",
        "religion": "",
        "denomination": "",
        "tourism": "hotel",
        "amenity": "",
        "historic": "",
        "leisure": ""
      }
    },
    {
      "type": "Feature",
      "geometry": {
        "type": "Point",
        "coordinates": [
          36.0633476,
          -0.2888711
        ]
      },
      "properties": {
        "name": "Ole Ken",
        "category": "ACCOMMODATION",
        "osm_type": "node",
        "osm_id": 9852534017,
        "address": "",
        "phone": "",
        "email": "",
        "website": "",
        "opening_hours": "",
        "description": "",
        "wikipedia": "",
        "wikidata": "",
        "osm_url": "https://www.openstreetmap.org/node/9852534017",
        "operator": "",
        "cuisine": "",
        "religion": "",
        "denomination": "",
        "tourism": "hostel",
        "amenity": "",
        "historic": "",
        "leisure": ""
      }
    },
    {
      "type": "Feature",
      "geometry": {
        "type": "Point",
        "coordinates": [
          36.0633554,
          -0.2888628
        ]
      },
      "properties": {
        "name": "Ole ken",
        "category": "ACCOMMODATION",
        "osm_type": "node",
        "osm_id": 9852534117,
        "address": "",
        "phone": "",
        "email": "",
        "website": "",
        "opening_hours": "",
        "description": "",
        "wikipedia": "",
        "wikidata": "",
        "osm_url": "https://www.openstreetmap.org/node/9852534117",
        "operator": "",
        "cuisine": "",
        "religion": "",
        "denomination": "",
        "tourism": "hotel",
        "amenity": "",
        "historic": "",
        "leisure": ""
      }
    },
    {
      "type": "Feature",
      "geometry": {
        "type": "Point",
        "coordinates": [
          36.0832292,
          -0.4575003
        ]
      },
      "properties": {
        "name": "KWS lodge",
        "category": "ACCOMMODATION",
        "osm_type": "node",
        "osm_id": 9909456625,
        "address": "",
        "phone": "",
        "email": "",
        "website": "",
        "opening_hours": "",
        "description": "",
        "wikipedia": "",
        "wikidata": "",
        "osm_url": "https://www.openstreetmap.org/node/9909456625",
        "operator": "",
        "cuisine": "",
        "religion": "",
        "denomination": "",
        "tourism": "guest_house",
        "amenity": "",
        "historic": "",
        "leisure": ""
      }
    },
    {
      "type": "Feature",
      "geometry": {
        "type": "Point",
        "coordinates": [
          36.0746469,
          -0.28625
        ]
      },
      "properties": {
        "name": "KAKA GUEST HOUSE",
        "category": "ACCOMMODATION",
        "osm_type": "node",
        "osm_id": 10284496009,
        "address": "Mosque Road",
        "phone": "",
        "email": "",
        "website": "",
        "opening_hours": "24/7",
        "description": "",
        "wikipedia": "",
        "wikidata": "",
        "osm_url": "https://www.openstreetmap.org/node/10284496009",
        "operator": "",
        "cuisine": "",
        "religion": "",
        "denomination": "",
        "tourism": "guest_house",
        "amenity": "",
        "historic": "",
        "leisure": ""
      }
    },
    {
      "type": "Feature",
      "geometry": {
        "type": "Point",
        "coordinates": [
          35.9594967,
          -0.1541862
        ]
      },
      "properties": {
        "name": "Silver Crane hotel",
        "category": "ACCOMMODATION",
        "osm_type": "node",
        "osm_id": 10709727105,
        "address": "",
        "phone": "",
        "email": "",
        "website": "",
        "opening_hours": "Su-Sa 07:00-21:30",
        "description": "",
        "wikipedia": "",
        "wikidata": "",
        "osm_url": "https://www.openstreetmap.org/node/10709727105",
        "operator": "",
        "cuisine": "",
        "religion": "",
        "denomination": "",
        "tourism": "hotel",
        "amenity": "",
        "historic": "",
        "leisure": ""
      }
    },
    {
      "type": "Feature",
      "geometry": {
        "type": "Point",
        "coordinates": [
          35.9695189,
          -0.1677163
        ]
      },
      "properties": {
        "name": "Kwa festo",
        "category": "ACCOMMODATION",
        "osm_type": "node",
        "osm_id": 10709727305,
        "address": "",
        "phone": "",
        "email": "",
        "website": "",
        "opening_hours": "",
        "description": "",
        "wikipedia": "",
        "wikidata": "",
        "osm_url": "https://www.openstreetmap.org/node/10709727305",
        "operator": "",
        "cuisine": "",
        "religion": "",
        "denomination": "",
        "tourism": "hotel",
        "amenity": "",
        "historic": "",
        "leisure": ""
      }
    },
    {
      "type": "Feature",
      "geometry": {
        "type": "Point",
        "coordinates": [
          36.0753698,
          -0.2879197
        ]
      },
      "properties": {
        "name": "Eagle palace",
        "category": "ACCOMMODATION",
        "osm_type": "node",
        "osm_id": 10736327928,
        "address": "",
        "phone": "",
        "email": "",
        "website": "",
        "opening_hours": "",
        "description": "",
        "wikipedia": "",
        "wikidata": "",
        "osm_url": "https://www.openstreetmap.org/node/10736327928",
        "operator": "",
        "cuisine": "",
        "religion": "",
        "denomination": "",
        "tourism": "hotel",
        "amenity": "",
        "historic": "",
        "leisure": ""
      }
    },
    {
      "type": "Feature",
      "geometry": {
        "type": "Point",
        "coordinates": [
          36.2117583,
          -0.6540726
        ]
      },
      "properties": {
        "name": "Marua Glade Campsite (Eburru Forest)",
        "category": "ACCOMMODATION",
        "osm_type": "node",
        "osm_id": 10753213831,
        "address": "",
        "phone": "",
        "email": "",
        "website": "",
        "opening_hours": "",
        "description": "",
        "wikipedia": "",
        "wikidata": "",
        "osm_url": "https://www.openstreetmap.org/node/10753213831",
        "operator": "",
        "cuisine": "",
        "religion": "",
        "denomination": "",
        "tourism": "camp_site",
        "amenity": "",
        "historic": "",
        "leisure": ""
      }
    },
    {
      "type": "Feature",
      "geometry": {
        "type": "Point",
        "coordinates": [
          36.2111252,
          -0.3918623
        ]
      },
      "properties": {
        "name": "Monkey Bridge Campsite",
        "category": "ACCOMMODATION",
        "osm_type": "node",
        "osm_id": 10753213833,
        "address": "",
        "phone": "",
        "email": "",
        "website": "",
        "opening_hours": "",
        "description": "",
        "wikipedia": "",
        "wikidata": "",
        "osm_url": "https://www.openstreetmap.org/node/10753213833",
        "operator": "",
        "cuisine": "",
        "religion": "",
        "denomination": "",
        "tourism": "camp_site",
        "amenity": "",
        "historic": "",
        "leisure": ""
      }
    },
    {
      "type": "Feature",
      "geometry": {
        "type": "Point",
        "coordinates": [
          36.5721766,
          -0.9709595
        ]
      },
      "properties": {
        "name": "Hôtel Silantoi",
        "category": "ACCOMMODATION",
        "osm_type": "node",
        "osm_id": 10780123105,
        "address": "",
        "phone": "",
        "email": "",
        "website": "",
        "opening_hours": "",
        "description": "",
        "wikipedia": "",
        "wikidata": "",
        "osm_url": "https://www.openstreetmap.org/node/10780123105",
        "operator": "",
        "cuisine": "",
        "religion": "",
        "denomination": "",
        "tourism": "hotel",
        "amenity": "",
        "historic": "",
        "leisure": ""
      }
    },
    {
      "type": "Feature",
      "geometry": {
        "type": "Point",
        "coordinates": [
          36.0500274,
          -0.2883555
        ]
      },
      "properties": {
        "name": "Hygienic Hotel",
        "category": "ACCOMMODATION",
        "osm_type": "node",
        "osm_id": 10786971294,
        "address": "",
        "phone": "",
        "email": "",
        "website": "",
        "opening_hours": "",
        "description": "",
        "wikipedia": "",
        "wikidata": "",
        "osm_url": "https://www.openstreetmap.org/node/10786971294",
        "operator": "",
        "cuisine": "",
        "religion": "",
        "denomination": "",
        "tourism": "hotel",
        "amenity": "",
        "historic": "",
        "leisure": ""
      }
    },
    {
      "type": "Feature",
      "geometry": {
        "type": "Point",
        "coordinates": [
          36.3175717,
          -0.5074401
        ]
      },
      "properties": {
        "name": "Dodoma guest house",
        "category": "ACCOMMODATION",
        "osm_type": "node",
        "osm_id": 10807895506,
        "address": "",
        "phone": "",
        "email": "",
        "website": "",
        "opening_hours": "",
        "description": "",
        "wikipedia": "",
        "wikidata": "",
        "osm_url": "https://www.openstreetmap.org/node/10807895506",
        "operator": "",
        "cuisine": "",
        "religion": "",
        "denomination": "",
        "tourism": "hotel",
        "amenity": "",
        "historic": "",
        "leisure": ""
      }
    },
    {
      "type": "Feature",
      "geometry": {
        "type": "Point",
        "coordinates": [
          36.3394188,
          -0.8299059
        ]
      },
      "properties": {
        "name": "Rozie Hôtel",
        "category": "ACCOMMODATION",
        "osm_type": "node",
        "osm_id": 10807903505,
        "address": "",
        "phone": "",
        "email": "",
        "website": "",
        "opening_hours": "",
        "description": "",
        "wikipedia": "",
        "wikidata": "",
        "osm_url": "https://www.openstreetmap.org/node/10807903505",
        "operator": "",
        "cuisine": "",
        "religion": "",
        "denomination": "",
        "tourism": "hotel",
        "amenity": "",
        "historic": "",
        "leisure": ""
      }
    },
    {
      "type": "Feature",
      "geometry": {
        "type": "Point",
        "coordinates": [
          36.4271687,
          -0.7692618
        ]
      },
      "properties": {
        "name": "Residence Inn",
        "category": "ACCOMMODATION",
        "osm_type": "node",
        "osm_id": 11028470992,
        "address": "",
        "phone": "",
        "email": "",
        "website": "",
        "opening_hours": "",
        "description": "",
        "wikipedia": "",
        "wikidata": "",
        "osm_url": "https://www.openstreetmap.org/node/11028470992",
        "operator": "",
        "cuisine": "",
        "religion": "",
        "denomination": "",
        "tourism": "hotel",
        "amenity": "",
        "historic": "",
        "leisure": ""
      }
    },
    {
      "type": "Feature",
      "geometry": {
        "type": "Point",
        "coordinates": [
          36.4191085,
          -0.7893226
        ]
      },
      "properties": {
        "name": "Arcadia",
        "category": "ACCOMMODATION",
        "osm_type": "node",
        "osm_id": 11255039338,
        "address": "",
        "phone": "",
        "email": "",
        "website": "http://www.sanctuaryfarmkenya.com/index.php/the-acacia-campsite",
        "opening_hours": "",
        "description": "",
        "wikipedia": "",
        "wikidata": "",
        "osm_url": "https://www.openstreetmap.org/node/11255039338",
        "operator": "",
        "cuisine": "",
        "religion": "",
        "denomination": "",
        "tourism": "camp_site",
        "amenity": "",
        "historic": "",
        "leisure": ""
      }
    },
    {
      "type": "Feature",
      "geometry": {
        "type": "Point",
        "coordinates": [
          36.4746437,
          -0.88737
        ]
      },
      "properties": {
        "name": "Shepards Camp",
        "category": "ACCOMMODATION",
        "osm_type": "node",
        "osm_id": 11255773237,
        "address": "",
        "phone": "",
        "email": "",
        "website": "",
        "opening_hours": "",
        "description": "",
        "wikipedia": "",
        "wikidata": "",
        "osm_url": "https://www.openstreetmap.org/node/11255773237",
        "operator": "",
        "cuisine": "",
        "religion": "",
        "denomination": "",
        "tourism": "camp_site",
        "amenity": "",
        "historic": "",
        "leisure": ""
      }
    },
    {
      "type": "Feature",
      "geometry": {
        "type": "Point",
        "coordinates": [
          36.2704753,
          -0.6712826
        ]
      },
      "properties": {
        "name": "Loldia Eburru Campsite",
        "category": "ACCOMMODATION",
        "osm_type": "node",
        "osm_id": 11487163169,
        "address": "",
        "phone": "",
        "email": "info@loldia-eburru.com",
        "website": "https://www.loldia-eburru.com/",
        "opening_hours": "",
        "description": "",
        "wikipedia": "",
        "wikidata": "",
        "osm_url": "https://www.openstreetmap.org/node/11487163169",
        "operator": "",
        "cuisine": "",
        "religion": "",
        "denomination": "",
        "tourism": "camp_site",
        "amenity": "",
        "historic": "",
        "leisure": ""
      }
    },
    {
      "type": "Feature",
      "geometry": {
        "type": "Point",
        "coordinates": [
          36.433555,
          -0.7640602
        ]
      },
      "properties": {
        "name": "Apex Motel",
        "category": "ACCOMMODATION",
        "osm_type": "node",
        "osm_id": 11999529369,
        "address": "",
        "phone": "",
        "email": "",
        "website": "",
        "opening_hours": "",
        "description": "",
        "wikipedia": "",
        "wikidata": "",
        "osm_url": "https://www.openstreetmap.org/node/11999529369",
        "operator": "",
        "cuisine": "",
        "religion": "",
        "denomination": "",
        "tourism": "motel",
        "amenity": "",
        "historic": "",
        "leisure": ""
      }
    },
    {
      "type": "Feature",
      "geometry": {
        "type": "Point",
        "coordinates": [
          36.4280134,
          -0.6996666
        ]
      },
      "properties": {
        "name": "Lemaiyan Suites",
        "category": "ACCOMMODATION",
        "osm_type": "node",
        "osm_id": 12147607902,
        "address": "975, Nairobi - Nakuru Road, Naivasha",
        "phone": "+254794000444",
        "email": "info@lemaiyansuites.com",
        "website": "https://lemaiyansuites.com/",
        "opening_hours": "24/7",
        "description": "",
        "wikipedia": "",
        "wikidata": "",
        "osm_url": "https://www.openstreetmap.org/node/12147607902",
        "operator": "",
        "cuisine": "",
        "religion": "",
        "denomination": "",
        "tourism": "hotel",
        "amenity": "",
        "historic": "",
        "leisure": ""
      }
    },
    {
      "type": "Feature",
      "geometry": {
        "type": "Point",
        "coordinates": [
          36.2728187,
          -0.6106815
        ]
      },
      "properties": {
        "name": "Camelboy Overlanders Camp",
        "category": "ACCOMMODATION",
        "osm_type": "node",
        "osm_id": 12850652972,
        "address": "Eburru road, Thome",
        "phone": "+254 722 375101",
        "email": "camelboy058@gmail.com",
        "website": "",
        "opening_hours": "",
        "description": "Small cottage for rent, double bed, fireplace in a really nice garden. Extra place for a tent if with more people. Breakfast and diner is possible with local self produced vegetables. Host very nice.",
        "wikipedia": "",
        "wikidata": "",
        "osm_url": "https://www.openstreetmap.org/node/12850652972",
        "operator": "",
        "cuisine": "",
        "religion": "",
        "denomination": "",
        "tourism": "guest_house",
        "amenity": "",
        "historic": "",
        "leisure": ""
      }
    },
    {
      "type": "Feature",
      "geometry": {
        "type": "Point",
        "coordinates": [
          36.4310342,
          -0.7734104
        ]
      },
      "properties": {
        "name": "Eseriani the Resort",
        "category": "ACCOMMODATION",
        "osm_type": "node",
        "osm_id": 13088862829,
        "address": "",
        "phone": "",
        "email": "",
        "website": "",
        "opening_hours": "",
        "description": "",
        "wikipedia": "",
        "wikidata": "",
        "osm_url": "https://www.openstreetmap.org/node/13088862829",
        "operator": "",
        "cuisine": "",
        "religion": "",
        "denomination": "",
        "tourism": "hotel",
        "amenity": "",
        "historic": "",
        "leisure": ""
      }
    },
    {
      "type": "Feature",
      "geometry": {
        "type": "Point",
        "coordinates": [
          36.2859012,
          -0.7243401
        ]
      },
      "properties": {
        "name": "Olerai House",
        "category": "ACCOMMODATION",
        "osm_type": "node",
        "osm_id": 13149189158,
        "address": "",
        "phone": "+254731596437",
        "email": "",
        "website": "https://www.siroccowild.com/",
        "opening_hours": "",
        "description": "",
        "wikipedia": "",
        "wikidata": "",
        "osm_url": "https://www.openstreetmap.org/node/13149189158",
        "operator": "",
        "cuisine": "",
        "religion": "",
        "denomination": "",
        "tourism": "hotel",
        "amenity": "",
        "historic": "",
        "leisure": ""
      }
    },
    {
      "type": "Feature",
      "geometry": {
        "type": "Point",
        "coordinates": [
          36.2664684,
          -0.4764252
        ]
      },
      "properties": {
        "name": "Tree House Lodge",
        "category": "ACCOMMODATION",
        "osm_type": "node",
        "osm_id": 13479994179,
        "address": "",
        "phone": "",
        "email": "",
        "website": "",
        "opening_hours": "",
        "description": "",
        "wikipedia": "",
        "wikidata": "",
        "osm_url": "https://www.openstreetmap.org/node/13479994179",
        "operator": "",
        "cuisine": "",
        "religion": "",
        "denomination": "",
        "tourism": "chalet",
        "amenity": "",
        "historic": "",
        "leisure": ""
      }
    },
    {
      "type": "Feature",
      "geometry": {
        "type": "Point",
        "coordinates": [
          36.4091159,
          -0.7757037
        ]
      },
      "properties": {
        "name": "Hippo House",
        "category": "ACCOMMODATION",
        "osm_type": "node",
        "osm_id": 13514110361,
        "address": "",
        "phone": "",
        "email": "",
        "website": "",
        "opening_hours": "",
        "description": "",
        "wikipedia": "",
        "wikidata": "",
        "osm_url": "https://www.openstreetmap.org/node/13514110361",
        "operator": "",
        "cuisine": "",
        "religion": "",
        "denomination": "",
        "tourism": "chalet",
        "amenity": "",
        "historic": "",
        "leisure": ""
      }
    },
    {
      "type": "Feature",
      "geometry": {
        "type": "Point",
        "coordinates": [
          36.4081297,
          -0.7751371
        ]
      },
      "properties": {
        "name": "Fish Eagle Cottage",
        "category": "ACCOMMODATION",
        "osm_type": "node",
        "osm_id": 13514183075,
        "address": "",
        "phone": "",
        "email": "",
        "website": "",
        "opening_hours": "",
        "description": "",
        "wikipedia": "",
        "wikidata": "",
        "osm_url": "https://www.openstreetmap.org/node/13514183075",
        "operator": "",
        "cuisine": "",
        "religion": "",
        "denomination": "",
        "tourism": "chalet",
        "amenity": "",
        "historic": "",
        "leisure": ""
      }
    },
    {
      "type": "Feature",
      "geometry": {
        "type": "Point",
        "coordinates": [
          36.4074821,
          -0.7746131
        ]
      },
      "properties": {
        "name": "Giraffe House",
        "category": "ACCOMMODATION",
        "osm_type": "node",
        "osm_id": 13514201689,
        "address": "",
        "phone": "",
        "email": "",
        "website": "",
        "opening_hours": "",
        "description": "",
        "wikipedia": "",
        "wikidata": "",
        "osm_url": "https://www.openstreetmap.org/node/13514201689",
        "operator": "",
        "cuisine": "",
        "religion": "",
        "denomination": "",
        "tourism": "chalet",
        "amenity": "",
        "historic": "",
        "leisure": ""
      }
    },
    {
      "type": "Feature",
      "geometry": {
        "type": "Point",
        "coordinates": [
          36.4026947,
          -0.5283746
        ]
      },
      "properties": {
        "name": "Malewa Kanini Campsite & Cottage",
        "category": "ACCOMMODATION",
        "osm_type": "node",
        "osm_id": 13860682419,
        "address": "",
        "phone": "",
        "email": "",
        "website": "",
        "opening_hours": "",
        "description": "",
        "wikipedia": "",
        "wikidata": "",
        "osm_url": "https://www.openstreetmap.org/node/13860682419",
        "operator": "",
        "cuisine": "",
        "religion": "",
        "denomination": "",
        "tourism": "camp_site",
        "amenity": "",
        "historic": "",
        "leisure": ""
      }
    },
    {
      "type": "Feature",
      "geometry": {
        "type": "Point",
        "coordinates": [
          36.4037514,
          -0.5277718
        ]
      },
      "properties": {
        "name": "Malewa Bundu Camp",
        "category": "ACCOMMODATION",
        "osm_type": "node",
        "osm_id": 13860815086,
        "address": "",
        "phone": "",
        "email": "",
        "website": "",
        "opening_hours": "",
        "description": "",
        "wikipedia": "",
        "wikidata": "",
        "osm_url": "https://www.openstreetmap.org/node/13860815086",
        "operator": "",
        "cuisine": "",
        "religion": "",
        "denomination": "",
        "tourism": "camp_site",
        "amenity": "",
        "historic": "",
        "leisure": ""
      }
    },
    {
      "type": "Feature",
      "geometry": {
        "type": "Point",
        "coordinates": [
          36.4008614,
          -0.5322232
        ]
      },
      "properties": {
        "name": "Malewa Bush Ventures Campsite",
        "category": "ACCOMMODATION",
        "osm_type": "node",
        "osm_id": 13860853168,
        "address": "",
        "phone": "",
        "email": "",
        "website": "",
        "opening_hours": "",
        "description": "",
        "wikipedia": "",
        "wikidata": "",
        "osm_url": "https://www.openstreetmap.org/node/13860853168",
        "operator": "",
        "cuisine": "",
        "religion": "",
        "denomination": "",
        "tourism": "camp_site",
        "amenity": "",
        "historic": "",
        "leisure": ""
      }
    },
    {
      "type": "Feature",
      "geometry": {
        "type": "Point",
        "coordinates": [
          36.0988105,
          -0.2814099
        ]
      },
      "properties": {
        "name": "Hyrax View Hotel",
        "category": "ACCOMMODATION",
        "osm_type": "node",
        "osm_id": 13895330382,
        "address": "Nakuru",
        "phone": "+254722743588",
        "email": "",
        "website": "",
        "opening_hours": "",
        "description": "",
        "wikipedia": "",
        "wikidata": "",
        "osm_url": "https://www.openstreetmap.org/node/13895330382",
        "operator": "",
        "cuisine": "",
        "religion": "",
        "denomination": "",
        "tourism": "hotel",
        "amenity": "",
        "historic": "",
        "leisure": ""
      }
    },
    {
      "type": "Feature",
      "geometry": {
        "type": "Point",
        "coordinates": [
          36.0737299,
          -0.2851706
        ]
      },
      "properties": {
        "name": "Cycle Pub",
        "category": "ACCOMMODATION",
        "osm_type": "node",
        "osm_id": 14020827995,
        "address": "",
        "phone": "",
        "email": "",
        "website": "",
        "opening_hours": "",
        "description": "",
        "wikipedia": "",
        "wikidata": "",
        "osm_url": "https://www.openstreetmap.org/node/14020827995",
        "operator": "",
        "cuisine": "",
        "religion": "",
        "denomination": "",
        "tourism": "guest_house",
        "amenity": "",
        "historic": "",
        "leisure": ""
      }
    },
    {
      "type": "Feature",
      "geometry": {
        "type": "Point",
        "coordinates": [
          36.4385619,
          -0.8110445
        ]
      },
      "properties": {
        "name": "Inka Homes Naivasha",
        "category": "ACCOMMODATION",
        "osm_type": "node",
        "osm_id": 14082000501,
        "address": "",
        "phone": "",
        "email": "",
        "website": "",
        "opening_hours": "",
        "description": "",
        "wikipedia": "",
        "wikidata": "",
        "osm_url": "https://www.openstreetmap.org/node/14082000501",
        "operator": "",
        "cuisine": "",
        "religion": "",
        "denomination": "",
        "tourism": "guest_house",
        "amenity": "",
        "historic": "",
        "leisure": ""
      }
    },
    {
      "type": "Feature",
      "geometry": {
        "type": "Point",
        "coordinates": [
          36.2527893,
          -0.6463231
        ]
      },
      "properties": {
        "name": "Eburru Forest Main Gate (Camping Possible)",
        "category": "ACCOMMODATION",
        "osm_type": "node",
        "osm_id": 14159556881,
        "address": "",
        "phone": "",
        "email": "",
        "website": "",
        "opening_hours": "",
        "description": "",
        "wikipedia": "",
        "wikidata": "",
        "osm_url": "https://www.openstreetmap.org/node/14159556881",
        "operator": "",
        "cuisine": "",
        "religion": "",
        "denomination": "",
        "tourism": "camp_site",
        "amenity": "",
        "historic": "",
        "leisure": ""
      }
    },
    {
      "type": "Feature",
      "geometry": {
        "type": "Point",
        "coordinates": [
          36.2506714,
          -0.3767388
        ]
      },
      "properties": {
        "name": "Lemon Valley Farm",
        "category": "ACCOMMODATION",
        "osm_type": "node",
        "osm_id": 14183305320,
        "address": "",
        "phone": "+254 713 129590;+254 725 539186;+254 720 879139; +254 102 167213",
        "email": "reservations@lemonvalley.co.ke,",
        "website": "https://www.lemonvalley.co.ke/",
        "opening_hours": "Mo-Su 08:30-21:00",
        "description": "",
        "wikipedia": "",
        "wikidata": "",
        "osm_url": "https://www.openstreetmap.org/node/14183305320",
        "operator": "",
        "cuisine": "",
        "religion": "",
        "denomination": "",
        "tourism": "camp_site",
        "amenity": "",
        "historic": "",
        "leisure": ""
      }
    },
    {
      "type": "Feature",
      "geometry": {
        "type": "Point",
        "coordinates": [
          36.1301025,
          -0.4230953
        ]
      },
      "properties": {
        "name": "Lake Nakuru Lodge",
        "category": "ACCOMMODATION",
        "osm_type": "way",
        "osm_id": 156346011,
        "address": "561, Lake Nakuru National Park, Nakuru",
        "phone": "",
        "email": "",
        "website": "",
        "opening_hours": "",
        "description": "",
        "wikipedia": "",
        "wikidata": "",
        "osm_url": "https://www.openstreetmap.org/way/156346011",
        "operator": "Lake Nakuru Lodge",
        "cuisine": "",
        "religion": "",
        "denomination": "",
        "tourism": "hotel",
        "amenity": "",
        "historic": "",
        "leisure": ""
      }
    },
    {
      "type": "Feature",
      "geometry": {
        "type": "Point",
        "coordinates": [
          36.0724344,
          -0.3151106
        ]
      },
      "properties": {
        "name": "Flamingo Hill Camp",
        "category": "ACCOMMODATION",
        "osm_type": "way",
        "osm_id": 156348671,
        "address": "",
        "phone": "",
        "email": "",
        "website": "https://www.flamingohillcamp.com/",
        "opening_hours": "",
        "description": "",
        "wikipedia": "",
        "wikidata": "",
        "osm_url": "https://www.openstreetmap.org/way/156348671",
        "operator": "",
        "cuisine": "",
        "religion": "",
        "denomination": "",
        "tourism": "camp_site",
        "amenity": "",
        "historic": "",
        "leisure": ""
      }
    },
    {
      "type": "Feature",
      "geometry": {
        "type": "Point",
        "coordinates": [
          36.0637181,
          -0.3061044
        ]
      },
      "properties": {
        "name": "annex",
        "category": "ACCOMMODATION",
        "osm_type": "way",
        "osm_id": 184167235,
        "address": "",
        "phone": "",
        "email": "",
        "website": "",
        "opening_hours": "",
        "description": "",
        "wikipedia": "",
        "wikidata": "",
        "osm_url": "https://www.openstreetmap.org/way/184167235",
        "operator": "",
        "cuisine": "",
        "religion": "",
        "denomination": "",
        "tourism": "hostel",
        "amenity": "",
        "historic": "",
        "leisure": ""
      }
    },
    {
      "type": "Feature",
      "geometry": {
        "type": "Point",
        "coordinates": [
          36.0959905,
          -0.2815401
        ]
      },
      "properties": {
        "name": "Hotel Kunste",
        "category": "ACCOMMODATION",
        "osm_type": "way",
        "osm_id": 189355378,
        "address": "Solai Road, Nakuru",
        "phone": "",
        "email": "",
        "website": "",
        "opening_hours": "",
        "description": "",
        "wikipedia": "",
        "wikidata": "",
        "osm_url": "https://www.openstreetmap.org/way/189355378",
        "operator": "",
        "cuisine": "",
        "religion": "",
        "denomination": "",
        "tourism": "hotel",
        "amenity": "",
        "historic": "",
        "leisure": ""
      }
    },
    {
      "type": "Feature",
      "geometry": {
        "type": "Point",
        "coordinates": [
          36.0663605,
          -0.2877359
        ]
      },
      "properties": {
        "name": "Bontana Hotel",
        "category": "ACCOMMODATION",
        "osm_type": "way",
        "osm_id": 254768645,
        "address": "",
        "phone": "",
        "email": "",
        "website": "",
        "opening_hours": "",
        "description": "",
        "wikipedia": "",
        "wikidata": "",
        "osm_url": "https://www.openstreetmap.org/way/254768645",
        "operator": "",
        "cuisine": "",
        "religion": "",
        "denomination": "",
        "tourism": "hotel",
        "amenity": "",
        "historic": "",
        "leisure": ""
      }
    },
    {
      "type": "Feature",
      "geometry": {
        "type": "Point",
        "coordinates": [
          36.0666347,
          -0.2886322
        ]
      },
      "properties": {
        "name": "Hotel Cathay",
        "category": "ACCOMMODATION",
        "osm_type": "way",
        "osm_id": 284666156,
        "address": "",
        "phone": "",
        "email": "",
        "website": "http://hotelcathay.co.ke",
        "opening_hours": "",
        "description": "",
        "wikipedia": "",
        "wikidata": "",
        "osm_url": "https://www.openstreetmap.org/way/284666156",
        "operator": "",
        "cuisine": "",
        "religion": "",
        "denomination": "",
        "tourism": "hotel",
        "amenity": "",
        "historic": "",
        "leisure": ""
      }
    },
    {
      "type": "Feature",
      "geometry": {
        "type": "Point",
        "coordinates": [
          36.3211223,
          -0.6672992
        ]
      },
      "properties": {
        "name": "Great Rift Valley Lodge",
        "category": "ACCOMMODATION",
        "osm_type": "way",
        "osm_id": 292817698,
        "address": "",
        "phone": "",
        "email": "",
        "website": "",
        "opening_hours": "",
        "description": "",
        "wikipedia": "",
        "wikidata": "",
        "osm_url": "https://www.openstreetmap.org/way/292817698",
        "operator": "",
        "cuisine": "",
        "religion": "",
        "denomination": "",
        "tourism": "hotel",
        "amenity": "",
        "historic": "",
        "leisure": ""
      }
    },
    {
      "type": "Feature",
      "geometry": {
        "type": "Point",
        "coordinates": [
          36.1009031,
          -0.2826097
        ]
      },
      "properties": {
        "name": "Hillcourt Resort & Spa",
        "category": "ACCOMMODATION",
        "osm_type": "way",
        "osm_id": 296572960,
        "address": "Old Nairobi Road, Nakuru",
        "phone": "",
        "email": "",
        "website": "",
        "opening_hours": "",
        "description": "",
        "wikipedia": "",
        "wikidata": "",
        "osm_url": "https://www.openstreetmap.org/way/296572960",
        "operator": "",
        "cuisine": "",
        "religion": "",
        "denomination": "",
        "tourism": "hotel",
        "amenity": "",
        "historic": "",
        "leisure": ""
      }
    },
    {
      "type": "Feature",
      "geometry": {
        "type": "Point",
        "coordinates": [
          36.0708253,
          -0.283793
        ]
      },
      "properties": {
        "name": "Midland Hotel",
        "category": "ACCOMMODATION",
        "osm_type": "way",
        "osm_id": 298834795,
        "address": "",
        "phone": "",
        "email": "",
        "website": "",
        "opening_hours": "",
        "description": "",
        "wikipedia": "",
        "wikidata": "",
        "osm_url": "https://www.openstreetmap.org/way/298834795",
        "operator": "",
        "cuisine": "",
        "religion": "",
        "denomination": "",
        "tourism": "hotel",
        "amenity": "",
        "historic": "",
        "leisure": ""
      }
    },
    {
      "type": "Feature",
      "geometry": {
        "type": "Point",
        "coordinates": [
          36.1730943,
          -0.3654819
        ]
      },
      "properties": {
        "name": "Punda Milias Nakuru Camp",
        "category": "ACCOMMODATION",
        "osm_type": "way",
        "osm_id": 320178706,
        "address": "",
        "phone": "",
        "email": "",
        "website": "",
        "opening_hours": "",
        "description": "",
        "wikipedia": "",
        "wikidata": "",
        "osm_url": "https://www.openstreetmap.org/way/320178706",
        "operator": "",
        "cuisine": "",
        "religion": "",
        "denomination": "",
        "tourism": "camp_site",
        "amenity": "",
        "historic": "",
        "leisure": ""
      }
    },
    {
      "type": "Feature",
      "geometry": {
        "type": "Point",
        "coordinates": [
          36.3384109,
          -0.8273933
        ]
      },
      "properties": {
        "name": "Camp Carnelley's",
        "category": "ACCOMMODATION",
        "osm_type": "way",
        "osm_id": 332153756,
        "address": "",
        "phone": "",
        "email": "",
        "website": "https://campcarnelleys.com",
        "opening_hours": "",
        "description": "",
        "wikipedia": "",
        "wikidata": "",
        "osm_url": "https://www.openstreetmap.org/way/332153756",
        "operator": "",
        "cuisine": "",
        "religion": "",
        "denomination": "",
        "tourism": "camp_site",
        "amenity": "",
        "historic": "",
        "leisure": ""
      }
    },
    {
      "type": "Feature",
      "geometry": {
        "type": "Point",
        "coordinates": [
          36.4351233,
          -0.7645486
        ]
      },
      "properties": {
        "name": "Yard Valley Manor",
        "category": "ACCOMMODATION",
        "osm_type": "way",
        "osm_id": 333149316,
        "address": "Moi South Lake Road, Naivasha",
        "phone": "",
        "email": "",
        "website": "",
        "opening_hours": "",
        "description": "",
        "wikipedia": "",
        "wikidata": "",
        "osm_url": "https://www.openstreetmap.org/way/333149316",
        "operator": "",
        "cuisine": "",
        "religion": "",
        "denomination": "",
        "tourism": "hotel",
        "amenity": "",
        "historic": "",
        "leisure": ""
      }
    },
    {
      "type": "Feature",
      "geometry": {
        "type": "Point",
        "coordinates": [
          36.421033,
          -0.7758775
        ]
      },
      "properties": {
        "name": "Rift Valley Lodge",
        "category": "ACCOMMODATION",
        "osm_type": "way",
        "osm_id": 339140913,
        "address": "Moi South Lake Road, Naivasha",
        "phone": "",
        "email": "",
        "website": "",
        "opening_hours": "",
        "description": "",
        "wikipedia": "",
        "wikidata": "",
        "osm_url": "https://www.openstreetmap.org/way/339140913",
        "operator": "",
        "cuisine": "",
        "religion": "",
        "denomination": "",
        "tourism": "hotel",
        "amenity": "",
        "historic": "",
        "leisure": ""
      }
    },
    {
      "type": "Feature",
      "geometry": {
        "type": "Point",
        "coordinates": [
          36.4358495,
          -0.7583275
        ]
      },
      "properties": {
        "name": "Lake Naivasha Resort",
        "category": "ACCOMMODATION",
        "osm_type": "way",
        "osm_id": 339141181,
        "address": "Moi South Lake Road, Naivasha",
        "phone": "",
        "email": "",
        "website": "",
        "opening_hours": "",
        "description": "",
        "wikipedia": "",
        "wikidata": "",
        "osm_url": "https://www.openstreetmap.org/way/339141181",
        "operator": "",
        "cuisine": "",
        "religion": "",
        "denomination": "",
        "tourism": "hotel",
        "amenity": "",
        "historic": "",
        "leisure": ""
      }
    },
    {
      "type": "Feature",
      "geometry": {
        "type": "Point",
        "coordinates": [
          36.4202729,
          -0.8818201
        ]
      },
      "properties": {
        "name": "Mount Longonot Lodge",
        "category": "ACCOMMODATION",
        "osm_type": "way",
        "osm_id": 355680240,
        "address": "",
        "phone": "",
        "email": "",
        "website": "",
        "opening_hours": "",
        "description": "",
        "wikipedia": "",
        "wikidata": "",
        "osm_url": "https://www.openstreetmap.org/way/355680240",
        "operator": "",
        "cuisine": "",
        "religion": "",
        "denomination": "",
        "tourism": "hotel",
        "amenity": "",
        "historic": "",
        "leisure": ""
      }
    },
    {
      "type": "Feature",
      "geometry": {
        "type": "Point",
        "coordinates": [
          36.4275726,
          -0.698523
        ]
      },
      "properties": {
        "name": "Heritage Resort Hotel",
        "category": "ACCOMMODATION",
        "osm_type": "way",
        "osm_id": 395551006,
        "address": "Nairobi - Nakuru Road, Naivasha",
        "phone": "",
        "email": "",
        "website": "",
        "opening_hours": "",
        "description": "",
        "wikipedia": "",
        "wikidata": "",
        "osm_url": "https://www.openstreetmap.org/way/395551006",
        "operator": "",
        "cuisine": "",
        "religion": "",
        "denomination": "",
        "tourism": "hotel",
        "amenity": "",
        "historic": "",
        "leisure": ""
      }
    },
    {
      "type": "Feature",
      "geometry": {
        "type": "Point",
        "coordinates": [
          35.9640607,
          -0.1657657
        ]
      },
      "properties": {
        "name": "Boys Hostel Turkana",
        "category": "ACCOMMODATION",
        "osm_type": "way",
        "osm_id": 396179827,
        "address": "",
        "phone": "",
        "email": "",
        "website": "",
        "opening_hours": "",
        "description": "",
        "wikipedia": "",
        "wikidata": "",
        "osm_url": "https://www.openstreetmap.org/way/396179827",
        "operator": "",
        "cuisine": "",
        "religion": "",
        "denomination": "",
        "tourism": "hostel",
        "amenity": "",
        "historic": "",
        "leisure": ""
      }
    },
    {
      "type": "Feature",
      "geometry": {
        "type": "Point",
        "coordinates": [
          35.9648463,
          -0.1672484
        ]
      },
      "properties": {
        "name": "Boys Hostel Elementaita",
        "category": "ACCOMMODATION",
        "osm_type": "way",
        "osm_id": 396179828,
        "address": "",
        "phone": "",
        "email": "",
        "website": "",
        "opening_hours": "",
        "description": "",
        "wikipedia": "",
        "wikidata": "",
        "osm_url": "https://www.openstreetmap.org/way/396179828",
        "operator": "kabarak",
        "cuisine": "",
        "religion": "",
        "denomination": "",
        "tourism": "hostel",
        "amenity": "",
        "historic": "",
        "leisure": ""
      }
    },
    {
      "type": "Feature",
      "geometry": {
        "type": "Point",
        "coordinates": [
          35.96398,
          -0.1665057
        ]
      },
      "properties": {
        "name": "Boys Hostel Bogoria",
        "category": "ACCOMMODATION",
        "osm_type": "way",
        "osm_id": 396179830,
        "address": "",
        "phone": "",
        "email": "",
        "website": "",
        "opening_hours": "",
        "description": "",
        "wikipedia": "",
        "wikidata": "",
        "osm_url": "https://www.openstreetmap.org/way/396179830",
        "operator": "",
        "cuisine": "",
        "religion": "",
        "denomination": "",
        "tourism": "hostel",
        "amenity": "",
        "historic": "",
        "leisure": ""
      }
    },
    {
      "type": "Feature",
      "geometry": {
        "type": "Point",
        "coordinates": [
          36.24064,
          -0.4048985
        ]
      },
      "properties": {
        "name": "Lake Elementaita Serena",
        "category": "ACCOMMODATION",
        "osm_type": "way",
        "osm_id": 440765412,
        "address": "",
        "phone": "",
        "email": "",
        "website": "",
        "opening_hours": "",
        "description": "",
        "wikipedia": "",
        "wikidata": "",
        "osm_url": "https://www.openstreetmap.org/way/440765412",
        "operator": "",
        "cuisine": "",
        "religion": "",
        "denomination": "",
        "tourism": "hotel",
        "amenity": "",
        "historic": "",
        "leisure": ""
      }
    },
    {
      "type": "Feature",
      "geometry": {
        "type": "Point",
        "coordinates": [
          36.4388816,
          -0.7316031
        ]
      },
      "properties": {
        "name": "Jaza Naivasha Resort",
        "category": "ACCOMMODATION",
        "osm_type": "way",
        "osm_id": 477968407,
        "address": "Mama Ngina Road, Naivasha",
        "phone": "",
        "email": "",
        "website": "",
        "opening_hours": "",
        "description": "",
        "wikipedia": "",
        "wikidata": "",
        "osm_url": "https://www.openstreetmap.org/way/477968407",
        "operator": "",
        "cuisine": "",
        "religion": "",
        "denomination": "",
        "tourism": "hotel",
        "amenity": "",
        "historic": "",
        "leisure": ""
      }
    },
    {
      "type": "Feature",
      "geometry": {
        "type": "Point",
        "coordinates": [
          36.0731891,
          -0.2969321
        ]
      },
      "properties": {
        "name": "Murius Guesthouse",
        "category": "ACCOMMODATION",
        "osm_type": "way",
        "osm_id": 488362378,
        "address": "General Kariba Street, Nakuru",
        "phone": "",
        "email": "",
        "website": "",
        "opening_hours": "",
        "description": "",
        "wikipedia": "",
        "wikidata": "",
        "osm_url": "https://www.openstreetmap.org/way/488362378",
        "operator": "",
        "cuisine": "",
        "religion": "",
        "denomination": "",
        "tourism": "hotel",
        "amenity": "",
        "historic": "",
        "leisure": ""
      }
    },
    {
      "type": "Feature",
      "geometry": {
        "type": "Point",
        "coordinates": [
          36.0749199,
          -0.3009659
        ]
      },
      "properties": {
        "name": "Jamka",
        "category": "ACCOMMODATION",
        "osm_type": "way",
        "osm_id": 488366545,
        "address": "",
        "phone": "",
        "email": "",
        "website": "",
        "opening_hours": "",
        "description": "",
        "wikipedia": "",
        "wikidata": "",
        "osm_url": "https://www.openstreetmap.org/way/488366545",
        "operator": "",
        "cuisine": "",
        "religion": "",
        "denomination": "",
        "tourism": "hotel",
        "amenity": "",
        "historic": "",
        "leisure": ""
      }
    },
    {
      "type": "Feature",
      "geometry": {
        "type": "Point",
        "coordinates": [
          36.0736893,
          -0.2840313
        ]
      },
      "properties": {
        "name": "Avenue Suites",
        "category": "ACCOMMODATION",
        "osm_type": "way",
        "osm_id": 488459874,
        "address": "",
        "phone": "",
        "email": "",
        "website": "",
        "opening_hours": "",
        "description": "",
        "wikipedia": "",
        "wikidata": "",
        "osm_url": "https://www.openstreetmap.org/way/488459874",
        "operator": "",
        "cuisine": "",
        "religion": "",
        "denomination": "",
        "tourism": "hotel",
        "amenity": "",
        "historic": "",
        "leisure": ""
      }
    },
    {
      "type": "Feature",
      "geometry": {
        "type": "Point",
        "coordinates": [
          36.4419698,
          -0.7479427
        ]
      },
      "properties": {
        "name": "Rocky Resort",
        "category": "ACCOMMODATION",
        "osm_type": "way",
        "osm_id": 492587053,
        "address": "Moi South Lake Road, Naivasha",
        "phone": "",
        "email": "",
        "website": "",
        "opening_hours": "",
        "description": "",
        "wikipedia": "",
        "wikidata": "",
        "osm_url": "https://www.openstreetmap.org/way/492587053",
        "operator": "",
        "cuisine": "",
        "religion": "",
        "denomination": "",
        "tourism": "hotel",
        "amenity": "",
        "historic": "",
        "leisure": ""
      }
    },
    {
      "type": "Feature",
      "geometry": {
        "type": "Point",
        "coordinates": [
          36.0781145,
          -0.2977387
        ]
      },
      "properties": {
        "name": "Marvin Hotel",
        "category": "ACCOMMODATION",
        "osm_type": "way",
        "osm_id": 495966221,
        "address": "",
        "phone": "",
        "email": "",
        "website": "",
        "opening_hours": "",
        "description": "",
        "wikipedia": "",
        "wikidata": "",
        "osm_url": "https://www.openstreetmap.org/way/495966221",
        "operator": "",
        "cuisine": "",
        "religion": "",
        "denomination": "",
        "tourism": "hotel",
        "amenity": "",
        "historic": "",
        "leisure": ""
      }
    },
    {
      "type": "Feature",
      "geometry": {
        "type": "Point",
        "coordinates": [
          36.0728493,
          -0.2975037
        ]
      },
      "properties": {
        "name": "Chester",
        "category": "ACCOMMODATION",
        "osm_type": "way",
        "osm_id": 501044389,
        "address": "General Kariba Street, Nakuru",
        "phone": "",
        "email": "",
        "website": "",
        "opening_hours": "",
        "description": "",
        "wikipedia": "",
        "wikidata": "",
        "osm_url": "https://www.openstreetmap.org/way/501044389",
        "operator": "",
        "cuisine": "",
        "religion": "",
        "denomination": "",
        "tourism": "hotel",
        "amenity": "",
        "historic": "",
        "leisure": ""
      }
    },
    {
      "type": "Feature",
      "geometry": {
        "type": "Point",
        "coordinates": [
          36.0741676,
          -0.3016705
        ]
      },
      "properties": {
        "name": "Premier Lodge",
        "category": "ACCOMMODATION",
        "osm_type": "way",
        "osm_id": 502224315,
        "address": "",
        "phone": "",
        "email": "",
        "website": "",
        "opening_hours": "",
        "description": "",
        "wikipedia": "",
        "wikidata": "",
        "osm_url": "https://www.openstreetmap.org/way/502224315",
        "operator": "",
        "cuisine": "",
        "religion": "",
        "denomination": "",
        "tourism": "motel",
        "amenity": "",
        "historic": "",
        "leisure": ""
      }
    },
    {
      "type": "Feature",
      "geometry": {
        "type": "Point",
        "coordinates": [
          36.4378019,
          -0.7573709
        ]
      },
      "properties": {
        "name": "Sweet Lake Resort",
        "category": "ACCOMMODATION",
        "osm_type": "way",
        "osm_id": 644299374,
        "address": "Moi South Lake Road, Naivasha",
        "phone": "",
        "email": "",
        "website": "",
        "opening_hours": "",
        "description": "",
        "wikipedia": "",
        "wikidata": "",
        "osm_url": "https://www.openstreetmap.org/way/644299374",
        "operator": "",
        "cuisine": "",
        "religion": "",
        "denomination": "",
        "tourism": "hotel",
        "amenity": "",
        "historic": "",
        "leisure": ""
      }
    },
    {
      "type": "Feature",
      "geometry": {
        "type": "Point",
        "coordinates": [
          36.4377882,
          -0.7585486
        ]
      },
      "properties": {
        "name": "The Hungry Hippo",
        "category": "ACCOMMODATION",
        "osm_type": "way",
        "osm_id": 830012795,
        "address": "Moi South Lake Road, Naivasha",
        "phone": "",
        "email": "",
        "website": "",
        "opening_hours": "",
        "description": "",
        "wikipedia": "",
        "wikidata": "",
        "osm_url": "https://www.openstreetmap.org/way/830012795",
        "operator": "",
        "cuisine": "",
        "religion": "",
        "denomination": "",
        "tourism": "guest_house",
        "amenity": "restaurant",
        "historic": "",
        "leisure": ""
      }
    },
    {
      "type": "Feature",
      "geometry": {
        "type": "Point",
        "coordinates": [
          36.1051594,
          -0.2668037
        ]
      },
      "properties": {
        "name": "Vineyard Court 2000",
        "category": "ACCOMMODATION",
        "osm_type": "way",
        "osm_id": 1024748597,
        "address": "Solai Road, Nakuru",
        "phone": "",
        "email": "",
        "website": "",
        "opening_hours": "",
        "description": "",
        "wikipedia": "",
        "wikidata": "",
        "osm_url": "https://www.openstreetmap.org/way/1024748597",
        "operator": "",
        "cuisine": "",
        "religion": "",
        "denomination": "",
        "tourism": "hotel",
        "amenity": "",
        "historic": "",
        "leisure": ""
      }
    },
    {
      "type": "Feature",
      "geometry": {
        "type": "Point",
        "coordinates": [
          36.1437514,
          -0.2956799
        ]
      },
      "properties": {
        "name": "Matfam Resort",
        "category": "ACCOMMODATION",
        "osm_type": "way",
        "osm_id": 1024782867,
        "address": "Major Mwangi Road, Nakuru",
        "phone": "",
        "email": "",
        "website": "",
        "opening_hours": "",
        "description": "",
        "wikipedia": "",
        "wikidata": "",
        "osm_url": "https://www.openstreetmap.org/way/1024782867",
        "operator": "",
        "cuisine": "",
        "religion": "",
        "denomination": "",
        "tourism": "hotel",
        "amenity": "",
        "historic": "",
        "leisure": ""
      }
    },
    {
      "type": "Feature",
      "geometry": {
        "type": "Point",
        "coordinates": [
          36.1477261,
          -0.3200948
        ]
      },
      "properties": {
        "name": "Wagon Wheel",
        "category": "ACCOMMODATION",
        "osm_type": "way",
        "osm_id": 1025468419,
        "address": "Nairobi-Nakuru Road, Nakuru",
        "phone": "",
        "email": "",
        "website": "",
        "opening_hours": "",
        "description": "",
        "wikipedia": "",
        "wikidata": "",
        "osm_url": "https://www.openstreetmap.org/way/1025468419",
        "operator": "",
        "cuisine": "",
        "religion": "",
        "denomination": "",
        "tourism": "hotel",
        "amenity": "",
        "historic": "",
        "leisure": ""
      }
    },
    {
      "type": "Feature",
      "geometry": {
        "type": "Point",
        "coordinates": [
          36.0117346,
          -0.321895
        ]
      },
      "properties": {
        "name": "Ziwa Bush Lodge Reception",
        "category": "ACCOMMODATION",
        "osm_type": "way",
        "osm_id": 1025483168,
        "address": "Nakuru",
        "phone": "+254702330040",
        "email": "reservations@ziwalodge.com",
        "website": "https://www.ziwalodge.com/",
        "opening_hours": "",
        "description": "",
        "wikipedia": "",
        "wikidata": "",
        "osm_url": "https://www.openstreetmap.org/way/1025483168",
        "operator": "",
        "cuisine": "",
        "religion": "",
        "denomination": "",
        "tourism": "hotel",
        "amenity": "",
        "historic": "",
        "leisure": ""
      }
    },
    {
      "type": "Feature",
      "geometry": {
        "type": "Point",
        "coordinates": [
          36.0062708,
          -0.2665335
        ]
      },
      "properties": {
        "name": "Sizzling Waters",
        "category": "ACCOMMODATION",
        "osm_type": "way",
        "osm_id": 1027001161,
        "address": "Nakuru",
        "phone": "",
        "email": "",
        "website": "",
        "opening_hours": "",
        "description": "",
        "wikipedia": "",
        "wikidata": "",
        "osm_url": "https://www.openstreetmap.org/way/1027001161",
        "operator": "",
        "cuisine": "",
        "religion": "",
        "denomination": "",
        "tourism": "hotel",
        "amenity": "",
        "historic": "",
        "leisure": ""
      }
    },
    {
      "type": "Feature",
      "geometry": {
        "type": "Point",
        "coordinates": [
          36.3176069,
          -0.6641088
        ]
      },
      "properties": {
        "name": "Jimana",
        "category": "ACCOMMODATION",
        "osm_type": "way",
        "osm_id": 1033100582,
        "address": "2010",
        "phone": "",
        "email": "",
        "website": "",
        "opening_hours": "",
        "description": "",
        "wikipedia": "",
        "wikidata": "",
        "osm_url": "https://www.openstreetmap.org/way/1033100582",
        "operator": "",
        "cuisine": "",
        "religion": "",
        "denomination": "",
        "tourism": "chalet",
        "amenity": "",
        "historic": "",
        "leisure": ""
      }
    },
    {
      "type": "Feature",
      "geometry": {
        "type": "Point",
        "coordinates": [
          36.2653235,
          -0.4580146
        ]
      },
      "properties": {
        "name": "Tuliza Cottage- L. Elementaita",
        "category": "ACCOMMODATION",
        "osm_type": "way",
        "osm_id": 1034667616,
        "address": "Nakuru",
        "phone": "",
        "email": "",
        "website": "",
        "opening_hours": "",
        "description": "",
        "wikipedia": "",
        "wikidata": "",
        "osm_url": "https://www.openstreetmap.org/way/1034667616",
        "operator": "",
        "cuisine": "",
        "religion": "",
        "denomination": "",
        "tourism": "hotel",
        "amenity": "",
        "historic": "",
        "leisure": ""
      }
    },
    {
      "type": "Feature",
      "geometry": {
        "type": "Point",
        "coordinates": [
          36.4284332,
          -0.7005074
        ]
      },
      "properties": {
        "name": "Astorian Grand Hotel Naivasha",
        "category": "ACCOMMODATION",
        "osm_type": "way",
        "osm_id": 1054189782,
        "address": "Nairobi - Nakuru Road, Naivasha",
        "phone": "",
        "email": "",
        "website": "",
        "opening_hours": "",
        "description": "",
        "wikipedia": "",
        "wikidata": "",
        "osm_url": "https://www.openstreetmap.org/way/1054189782",
        "operator": "",
        "cuisine": "",
        "religion": "",
        "denomination": "",
        "tourism": "hotel",
        "amenity": "",
        "historic": "",
        "leisure": ""
      }
    },
    {
      "type": "Feature",
      "geometry": {
        "type": "Point",
        "coordinates": [
          36.4276101,
          -0.7028552
        ]
      },
      "properties": {
        "name": "Three Ways Restaurant Hotel",
        "category": "ACCOMMODATION",
        "osm_type": "way",
        "osm_id": 1054189838,
        "address": "Nairobi - Nakuru Road, Naivasha",
        "phone": "",
        "email": "",
        "website": "",
        "opening_hours": "",
        "description": "",
        "wikipedia": "",
        "wikidata": "",
        "osm_url": "https://www.openstreetmap.org/way/1054189838",
        "operator": "",
        "cuisine": "",
        "religion": "",
        "denomination": "",
        "tourism": "hotel",
        "amenity": "",
        "historic": "",
        "leisure": ""
      }
    },
    {
      "type": "Feature",
      "geometry": {
        "type": "Point",
        "coordinates": [
          36.4270625,
          -0.7029755
        ]
      },
      "properties": {
        "name": "Symphony",
        "category": "ACCOMMODATION",
        "osm_type": "way",
        "osm_id": 1054189839,
        "address": "Moi South Lake Road, Naivasha",
        "phone": "",
        "email": "",
        "website": "",
        "opening_hours": "",
        "description": "",
        "wikipedia": "",
        "wikidata": "",
        "osm_url": "https://www.openstreetmap.org/way/1054189839",
        "operator": "",
        "cuisine": "",
        "religion": "",
        "denomination": "",
        "tourism": "hotel",
        "amenity": "",
        "historic": "",
        "leisure": ""
      }
    },
    {
      "type": "Feature",
      "geometry": {
        "type": "Point",
        "coordinates": [
          36.4268533,
          -0.6973816
        ]
      },
      "properties": {
        "name": "Hylise",
        "category": "ACCOMMODATION",
        "osm_type": "way",
        "osm_id": 1054189968,
        "address": "Nairobi - Nakuru Road, Naivasha",
        "phone": "",
        "email": "",
        "website": "",
        "opening_hours": "",
        "description": "",
        "wikipedia": "",
        "wikidata": "",
        "osm_url": "https://www.openstreetmap.org/way/1054189968",
        "operator": "",
        "cuisine": "",
        "religion": "",
        "denomination": "",
        "tourism": "hotel",
        "amenity": "",
        "historic": "",
        "leisure": ""
      }
    },
    {
      "type": "Feature",
      "geometry": {
        "type": "Point",
        "coordinates": [
          36.4294546,
          -0.7112435
        ]
      },
      "properties": {
        "name": "Viewers Park Hotel",
        "category": "ACCOMMODATION",
        "osm_type": "way",
        "osm_id": 1054700277,
        "address": "Moi Avenue, Naivasha",
        "phone": "",
        "email": "",
        "website": "",
        "opening_hours": "",
        "description": "",
        "wikipedia": "",
        "wikidata": "",
        "osm_url": "https://www.openstreetmap.org/way/1054700277",
        "operator": "",
        "cuisine": "",
        "religion": "",
        "denomination": "",
        "tourism": "hotel",
        "amenity": "",
        "historic": "",
        "leisure": ""
      }
    },
    {
      "type": "Feature",
      "geometry": {
        "type": "Point",
        "coordinates": [
          36.4295672,
          -0.7100726
        ]
      },
      "properties": {
        "name": "Kamusyi Kings Guest House",
        "category": "ACCOMMODATION",
        "osm_type": "way",
        "osm_id": 1054700323,
        "address": "Kariuki Chotora, Naivasha",
        "phone": "",
        "email": "",
        "website": "",
        "opening_hours": "",
        "description": "",
        "wikipedia": "",
        "wikidata": "",
        "osm_url": "https://www.openstreetmap.org/way/1054700323",
        "operator": "",
        "cuisine": "",
        "religion": "",
        "denomination": "",
        "tourism": "chalet",
        "amenity": "",
        "historic": "",
        "leisure": ""
      }
    },
    {
      "type": "Feature",
      "geometry": {
        "type": "Point",
        "coordinates": [
          36.4291863,
          -0.7104779
        ]
      },
      "properties": {
        "name": "Lakeside Tourist Lodge",
        "category": "ACCOMMODATION",
        "osm_type": "way",
        "osm_id": 1054700409,
        "address": "Moi Avenue, Naivasha",
        "phone": "",
        "email": "",
        "website": "",
        "opening_hours": "",
        "description": "",
        "wikipedia": "",
        "wikidata": "",
        "osm_url": "https://www.openstreetmap.org/way/1054700409",
        "operator": "",
        "cuisine": "",
        "religion": "",
        "denomination": "",
        "tourism": "hotel",
        "amenity": "",
        "historic": "",
        "leisure": ""
      }
    },
    {
      "type": "Feature",
      "geometry": {
        "type": "Point",
        "coordinates": [
          36.3150387,
          -0.8133153
        ]
      },
      "properties": {
        "name": "Elsamere Lodge Naivasha",
        "category": "ACCOMMODATION",
        "osm_type": "way",
        "osm_id": 1055404263,
        "address": "South Lake Road",
        "phone": "+254 50 2021055",
        "email": "",
        "website": "http://www.elsamere.com/",
        "opening_hours": "",
        "description": "",
        "wikipedia": "",
        "wikidata": "",
        "osm_url": "https://www.openstreetmap.org/way/1055404263",
        "operator": "",
        "cuisine": "",
        "religion": "",
        "denomination": "",
        "tourism": "hotel",
        "amenity": "",
        "historic": "",
        "leisure": ""
      }
    },
    {
      "type": "Feature",
      "geometry": {
        "type": "Point",
        "coordinates": [
          36.4345226,
          -0.7649635
        ]
      },
      "properties": {
        "name": "Yard Valley Manor",
        "category": "ACCOMMODATION",
        "osm_type": "way",
        "osm_id": 1056954273,
        "address": "Moi South Lake Road, Naivasha",
        "phone": "",
        "email": "",
        "website": "",
        "opening_hours": "",
        "description": "",
        "wikipedia": "",
        "wikidata": "",
        "osm_url": "https://www.openstreetmap.org/way/1056954273",
        "operator": "",
        "cuisine": "",
        "religion": "",
        "denomination": "",
        "tourism": "hotel",
        "amenity": "",
        "historic": "",
        "leisure": ""
      }
    },
    {
      "type": "Feature",
      "geometry": {
        "type": "Point",
        "coordinates": [
          36.1217465,
          -0.3462636
        ]
      },
      "properties": {
        "name": "Sarova Lion Hill Game Lodge",
        "category": "ACCOMMODATION",
        "osm_type": "way",
        "osm_id": 1102305304,
        "address": "",
        "phone": "+254 709 111 000",
        "email": "centralreservations@sarovahotels.com",
        "website": "https://www.sarovahotels.com/lionhill-nakuru/",
        "opening_hours": "",
        "description": "",
        "wikipedia": "",
        "wikidata": "",
        "osm_url": "https://www.openstreetmap.org/way/1102305304",
        "operator": "",
        "cuisine": "",
        "religion": "",
        "denomination": "",
        "tourism": "hotel",
        "amenity": "",
        "historic": "",
        "leisure": ""
      }
    },
    {
      "type": "Feature",
      "geometry": {
        "type": "Point",
        "coordinates": [
          36.2551844,
          -0.8147381
        ]
      },
      "properties": {
        "name": "Paul's Campsite Kongoni",
        "category": "ACCOMMODATION",
        "osm_type": "way",
        "osm_id": 1268370471,
        "address": "",
        "phone": "",
        "email": "",
        "website": "",
        "opening_hours": "",
        "description": "",
        "wikipedia": "",
        "wikidata": "",
        "osm_url": "https://www.openstreetmap.org/way/1268370471",
        "operator": "",
        "cuisine": "",
        "religion": "",
        "denomination": "",
        "tourism": "camp_site",
        "amenity": "",
        "historic": "",
        "leisure": ""
      }
    },
    {
      "type": "Feature",
      "geometry": {
        "type": "Point",
        "coordinates": [
          36.4279198,
          -0.6998308
        ]
      },
      "properties": {
        "name": "Lemaiyan Suites",
        "category": "ACCOMMODATION",
        "osm_type": "way",
        "osm_id": 1312407959,
        "address": "975, Nairobi - Nakuru Road, Naivasha",
        "phone": "+254794000444",
        "email": "info@lemaiyansuites.com",
        "website": "https://lemaiyansuites.com/#/",
        "opening_hours": "24/7",
        "description": "",
        "wikipedia": "",
        "wikidata": "",
        "osm_url": "https://www.openstreetmap.org/way/1312407959",
        "operator": "",
        "cuisine": "",
        "religion": "",
        "denomination": "",
        "tourism": "hotel",
        "amenity": "",
        "historic": "",
        "leisure": ""
      }
    },
    {
      "type": "Feature",
      "geometry": {
        "type": "Point",
        "coordinates": [
          36.1081308,
          -0.2952433
        ]
      },
      "properties": {
        "name": "Wildlife Club of Kenya Nakuru Guest House",
        "category": "ACCOMMODATION",
        "osm_type": "relation",
        "osm_id": 6674795,
        "address": "",
        "phone": "",
        "email": "",
        "website": "",
        "opening_hours": "",
        "description": "",
        "wikipedia": "",
        "wikidata": "",
        "osm_url": "https://www.openstreetmap.org/relation/6674795",
        "operator": "Wildlife Club of Kenya Nakuru",
        "cuisine": "",
        "religion": "",
        "denomination": "",
        "tourism": "guest_house",
        "amenity": "",
        "historic": "",
        "leisure": ""
      }
    },
    {
      "type": "Feature",
      "geometry": {
        "type": "Point",
        "coordinates": [
          36.0827833,
          -0.3071682
        ]
      },
      "properties": {
        "name": "Kwetu Zero Thirty Two",
        "category": "ACCOMMODATION",
        "osm_type": "relation",
        "osm_id": 7340529,
        "address": "",
        "phone": "",
        "email": "",
        "website": "",
        "opening_hours": "",
        "description": "",
        "wikipedia": "",
        "wikidata": "",
        "osm_url": "https://www.openstreetmap.org/relation/7340529",
        "operator": "",
        "cuisine": "",
        "religion": "",
        "denomination": "",
        "tourism": "hotel",
        "amenity": "",
        "historic": "",
        "leisure": ""
      }
    },
    {
      "type": "Feature",
      "geometry": {
        "type": "Point",
        "coordinates": [
          36.0886424,
          -0.2818257
        ]
      },
      "properties": {
        "name": "Sarova Woodlands Hotel & Spa Nakuru",
        "category": "ACCOMMODATION",
        "osm_type": "relation",
        "osm_id": 13688322,
        "address": "Off Nairobi-Nakuru Highway Milimani Area,, Old Nairobi Road, Nakuru",
        "phone": "",
        "email": "",
        "website": "",
        "opening_hours": "",
        "description": "",
        "wikipedia": "",
        "wikidata": "",
        "osm_url": "https://www.openstreetmap.org/relation/13688322",
        "operator": "",
        "cuisine": "",
        "religion": "",
        "denomination": "",
        "tourism": "hotel",
        "amenity": "",
        "historic": "",
        "leisure": ""
      }
    },
    {
      "type": "Feature",
      "geometry": {
        "type": "Point",
        "coordinates": [
          36.1131353,
          -0.2883318
        ]
      },
      "properties": {
        "name": "Safari Bite",
        "category": "ACCOMMODATION",
        "osm_type": "relation",
        "osm_id": 13782237,
        "address": "Old Nairobi Road, Nakuru",
        "phone": "",
        "email": "",
        "website": "",
        "opening_hours": "",
        "description": "",
        "wikipedia": "",
        "wikidata": "",
        "osm_url": "https://www.openstreetmap.org/relation/13782237",
        "operator": "",
        "cuisine": "",
        "religion": "",
        "denomination": "",
        "tourism": "hotel",
        "amenity": "",
        "historic": "",
        "leisure": ""
      }
    },
    {
      "type": "Feature",
      "geometry": {
        "type": "Point",
        "coordinates": [
          36.0632305,
          -0.2862318
        ]
      },
      "properties": {
        "name": "KFA Rounda About",
        "category": "CULTURE_HERITAGE",
        "osm_type": "node",
        "osm_id": 2324261242,
        "address": "",
        "phone": "",
        "email": "",
        "website": "",
        "opening_hours": "",
        "description": "",
        "wikipedia": "",
        "wikidata": "",
        "osm_url": "https://www.openstreetmap.org/node/2324261242",
        "operator": "",
        "cuisine": "",
        "religion": "",
        "denomination": "",
        "tourism": "",
        "amenity": "",
        "historic": "monument",
        "leisure": ""
      }
    },
    {
      "type": "Feature",
      "geometry": {
        "type": "Point",
        "coordinates": [
          36.1055853,
          -0.279374
        ]
      },
      "properties": {
        "name": "Hyrax Hill",
        "category": "CULTURE_HERITAGE",
        "osm_type": "node",
        "osm_id": 2388448118,
        "address": "",
        "phone": "",
        "email": "",
        "website": "",
        "opening_hours": "",
        "description": "",
        "wikipedia": "",
        "wikidata": "Q1641561",
        "osm_url": "https://www.openstreetmap.org/node/2388448118",
        "operator": "",
        "cuisine": "",
        "religion": "",
        "denomination": "",
        "tourism": "",
        "amenity": "",
        "historic": "archaeological_site",
        "leisure": ""
      }
    },
    {
      "type": "Feature",
      "geometry": {
        "type": "Point",
        "coordinates": [
          36.1528357,
          -0.2434255
        ]
      },
      "properties": {
        "name": "Aic murnyu",
        "category": "CULTURE_HERITAGE",
        "osm_type": "node",
        "osm_id": 7041958385,
        "address": "",
        "phone": "",
        "email": "",
        "website": "",
        "opening_hours": "",
        "description": "",
        "wikipedia": "",
        "wikidata": "",
        "osm_url": "https://www.openstreetmap.org/node/7041958385",
        "operator": "",
        "cuisine": "",
        "religion": "",
        "denomination": "",
        "tourism": "",
        "amenity": "",
        "historic": "castle",
        "leisure": ""
      }
    },
    {
      "type": "Feature",
      "geometry": {
        "type": "Point",
        "coordinates": [
          36.1524358,
          -0.243563
        ]
      },
      "properties": {
        "name": "Aic murunyu",
        "category": "CULTURE_HERITAGE",
        "osm_type": "node",
        "osm_id": 7041958485,
        "address": "",
        "phone": "",
        "email": "",
        "website": "",
        "opening_hours": "",
        "description": "",
        "wikipedia": "",
        "wikidata": "",
        "osm_url": "https://www.openstreetmap.org/node/7041958485",
        "operator": "",
        "cuisine": "",
        "religion": "",
        "denomination": "",
        "tourism": "",
        "amenity": "",
        "historic": "castle",
        "leisure": ""
      }
    },
    {
      "type": "Feature",
      "geometry": {
        "type": "Point",
        "coordinates": [
          36.2890624,
          -0.8803992
        ]
      },
      "properties": {
        "name": "Old picnic stand",
        "category": "CULTURE_HERITAGE",
        "osm_type": "node",
        "osm_id": 7088101117,
        "address": "",
        "phone": "",
        "email": "",
        "website": "",
        "opening_hours": "",
        "description": "",
        "wikipedia": "",
        "wikidata": "",
        "osm_url": "https://www.openstreetmap.org/node/7088101117",
        "operator": "",
        "cuisine": "",
        "religion": "",
        "denomination": "",
        "tourism": "",
        "amenity": "",
        "historic": "ruins",
        "leisure": ""
      }
    },
    {
      "type": "Feature",
      "geometry": {
        "type": "Point",
        "coordinates": [
          36.1047528,
          -0.2832352
        ]
      },
      "properties": {
        "name": "Site I Late Iron age settlement",
        "category": "CULTURE_HERITAGE",
        "osm_type": "node",
        "osm_id": 9909346158,
        "address": "",
        "phone": "",
        "email": "",
        "website": "",
        "opening_hours": "",
        "description": "",
        "wikipedia": "",
        "wikidata": "",
        "osm_url": "https://www.openstreetmap.org/node/9909346158",
        "operator": "",
        "cuisine": "",
        "religion": "",
        "denomination": "",
        "tourism": "",
        "amenity": "",
        "historic": "archaeological_site",
        "leisure": ""
      }
    },
    {
      "type": "Feature",
      "geometry": {
        "type": "Point",
        "coordinates": [
          35.972196,
          -0.2748693
        ]
      },
      "properties": {
        "name": "Egerton Castle",
        "category": "CULTURE_HERITAGE",
        "osm_type": "way",
        "osm_id": 103526432,
        "address": "",
        "phone": "",
        "email": "",
        "website": "",
        "opening_hours": "",
        "description": "",
        "wikipedia": "",
        "wikidata": "",
        "osm_url": "https://www.openstreetmap.org/way/103526432",
        "operator": "",
        "cuisine": "",
        "religion": "",
        "denomination": "",
        "tourism": "",
        "amenity": "",
        "historic": "castle",
        "leisure": ""
      }
    },
    {
      "type": "Feature",
      "geometry": {
        "type": "Point",
        "coordinates": [
          35.9663134,
          -0.1668886
        ]
      },
      "properties": {
        "name": "Daniel Toroitich",
        "category": "CULTURE_HERITAGE",
        "osm_type": "way",
        "osm_id": 395256253,
        "address": "",
        "phone": "",
        "email": "",
        "website": "",
        "opening_hours": "",
        "description": "",
        "wikipedia": "",
        "wikidata": "",
        "osm_url": "https://www.openstreetmap.org/way/395256253",
        "operator": "",
        "cuisine": "",
        "religion": "",
        "denomination": "",
        "tourism": "",
        "amenity": "",
        "historic": "monument",
        "leisure": ""
      }
    },
    {
      "type": "Feature",
      "geometry": {
        "type": "Point",
        "coordinates": [
          36.2563028,
          -0.7865961
        ]
      },
      "properties": {
        "name": "Crater Lake Game Sanctuary",
        "category": "NATURE",
        "osm_type": "node",
        "osm_id": 413571803,
        "address": "",
        "phone": "",
        "email": "",
        "website": "",
        "opening_hours": "",
        "description": "",
        "wikipedia": "",
        "wikidata": "",
        "osm_url": "https://www.openstreetmap.org/node/413571803",
        "operator": "",
        "cuisine": "",
        "religion": "",
        "denomination": "",
        "tourism": "",
        "amenity": "",
        "historic": "",
        "leisure": "nature_reserve"
      }
    },
    {
      "type": "Feature",
      "geometry": {
        "type": "Point",
        "coordinates": [
          36.4744681,
          -0.8890933
        ]
      },
      "properties": {
        "name": "Longonot National Park Main Gate",
        "category": "NATURE",
        "osm_type": "node",
        "osm_id": 413577188,
        "address": "",
        "phone": "",
        "email": "",
        "website": "",
        "opening_hours": "",
        "description": "",
        "wikipedia": "",
        "wikidata": "",
        "osm_url": "https://www.openstreetmap.org/node/413577188",
        "operator": "",
        "cuisine": "",
        "religion": "",
        "denomination": "",
        "tourism": "",
        "amenity": "",
        "historic": "",
        "leisure": "nature_reserve"
      }
    },
    {
      "type": "Feature",
      "geometry": {
        "type": "Point",
        "coordinates": [
          36.4565593,
          -0.9099915
        ]
      },
      "properties": {
        "name": "Longonot National Park",
        "category": "NATURE",
        "osm_type": "node",
        "osm_id": 413577298,
        "address": "",
        "phone": "",
        "email": "",
        "website": "",
        "opening_hours": "",
        "description": "",
        "wikipedia": "",
        "wikidata": "",
        "osm_url": "https://www.openstreetmap.org/node/413577298",
        "operator": "",
        "cuisine": "",
        "religion": "",
        "denomination": "",
        "tourism": "",
        "amenity": "",
        "historic": "",
        "leisure": "nature_reserve"
      }
    },
    {
      "type": "Feature",
      "geometry": {
        "type": "Point",
        "coordinates": [
          36.2622364,
          -0.8276804
        ]
      },
      "properties": {
        "name": "Kagoni Wildlife Valley",
        "category": "NATURE",
        "osm_type": "node",
        "osm_id": 4845889049,
        "address": "",
        "phone": "",
        "email": "",
        "website": "",
        "opening_hours": "",
        "description": "",
        "wikipedia": "",
        "wikidata": "",
        "osm_url": "https://www.openstreetmap.org/node/4845889049",
        "operator": "",
        "cuisine": "",
        "religion": "",
        "denomination": "",
        "tourism": "",
        "amenity": "",
        "historic": "",
        "leisure": "nature_reserve"
      }
    },
    {
      "type": "Feature",
      "geometry": {
        "type": "Point",
        "coordinates": [
          36.4663255,
          -0.7544435
        ]
      },
      "properties": {
        "name": "L.R. Naivasha/Maraigushu Block 15/97 (Wangurumo)",
        "category": "NATURE",
        "osm_type": "node",
        "osm_id": 5037003732,
        "address": "",
        "phone": "",
        "email": "",
        "website": "",
        "opening_hours": "",
        "description": "",
        "wikipedia": "",
        "wikidata": "",
        "osm_url": "https://www.openstreetmap.org/node/5037003732",
        "operator": "",
        "cuisine": "",
        "religion": "",
        "denomination": "",
        "tourism": "",
        "amenity": "",
        "historic": "",
        "leisure": "park"
      }
    },
    {
      "type": "Feature",
      "geometry": {
        "type": "Point",
        "coordinates": [
          35.9987351,
          -0.4485966
        ]
      },
      "properties": {
        "name": "Eden Garden",
        "category": "NATURE",
        "osm_type": "node",
        "osm_id": 5380412727,
        "address": "",
        "phone": "",
        "email": "",
        "website": "",
        "opening_hours": "",
        "description": "",
        "wikipedia": "",
        "wikidata": "",
        "osm_url": "https://www.openstreetmap.org/node/5380412727",
        "operator": "",
        "cuisine": "",
        "religion": "",
        "denomination": "",
        "tourism": "",
        "amenity": "",
        "historic": "",
        "leisure": "garden"
      }
    },
    {
      "type": "Feature",
      "geometry": {
        "type": "Point",
        "coordinates": [
          36.1664263,
          -0.2117095
        ]
      },
      "properties": {
        "name": "Muchina farm",
        "category": "NATURE",
        "osm_type": "node",
        "osm_id": 10012847083,
        "address": "",
        "phone": "",
        "email": "",
        "website": "",
        "opening_hours": "",
        "description": "",
        "wikipedia": "",
        "wikidata": "",
        "osm_url": "https://www.openstreetmap.org/node/10012847083",
        "operator": "",
        "cuisine": "",
        "religion": "",
        "denomination": "",
        "tourism": "",
        "amenity": "",
        "historic": "",
        "leisure": "garden"
      }
    },
    {
      "type": "Feature",
      "geometry": {
        "type": "Point",
        "coordinates": [
          36.0932069,
          -0.3925005
        ]
      },
      "properties": {
        "name": "Lake Nakuru National Park",
        "category": "NATURE",
        "osm_type": "way",
        "osm_id": 83903601,
        "address": "",
        "phone": "",
        "email": "",
        "website": "",
        "opening_hours": "",
        "description": "",
        "wikipedia": "de:Lake-Nakuru-Nationalpark",
        "wikidata": "Q313071",
        "osm_url": "https://www.openstreetmap.org/way/83903601",
        "operator": "",
        "cuisine": "",
        "religion": "",
        "denomination": "",
        "tourism": "",
        "amenity": "",
        "historic": "",
        "leisure": "nature_reserve"
      }
    },
    {
      "type": "Feature",
      "geometry": {
        "type": "Point",
        "coordinates": [
          36.4531595,
          -0.9318723
        ]
      },
      "properties": {
        "name": "Mount Longonot National Park",
        "category": "NATURE",
        "osm_type": "way",
        "osm_id": 132315065,
        "address": "",
        "phone": "",
        "email": "",
        "website": "",
        "opening_hours": "",
        "description": "",
        "wikipedia": "",
        "wikidata": "",
        "osm_url": "https://www.openstreetmap.org/way/132315065",
        "operator": "",
        "cuisine": "",
        "religion": "",
        "denomination": "",
        "tourism": "",
        "amenity": "",
        "historic": "",
        "leisure": ""
      }
    },
    {
      "type": "Feature",
      "geometry": {
        "type": "Point",
        "coordinates": [
          36.3226727,
          -0.8809862
        ]
      },
      "properties": {
        "name": "Hell's Gate National Park",
        "category": "NATURE",
        "osm_type": "way",
        "osm_id": 132380405,
        "address": "",
        "phone": "",
        "email": "",
        "website": "",
        "opening_hours": "",
        "description": "",
        "wikipedia": "en:Hell's Gate National Park",
        "wikidata": "Q1603133",
        "osm_url": "https://www.openstreetmap.org/way/132380405",
        "operator": "",
        "cuisine": "",
        "religion": "",
        "denomination": "",
        "tourism": "",
        "amenity": "",
        "historic": "",
        "leisure": "nature_reserve"
      }
    },
    {
      "type": "Feature",
      "geometry": {
        "type": "Point",
        "coordinates": [
          36.2351816,
          -0.8599543
        ]
      },
      "properties": {
        "name": "Oserian Wildlife Sanctuary",
        "category": "NATURE",
        "osm_type": "way",
        "osm_id": 138186629,
        "address": "",
        "phone": "",
        "email": "",
        "website": "",
        "opening_hours": "",
        "description": "",
        "wikipedia": "",
        "wikidata": "",
        "osm_url": "https://www.openstreetmap.org/way/138186629",
        "operator": "",
        "cuisine": "",
        "religion": "",
        "denomination": "",
        "tourism": "",
        "amenity": "",
        "historic": "",
        "leisure": "nature_reserve"
      }
    },
    {
      "type": "Feature",
      "geometry": {
        "type": "Point",
        "coordinates": [
          36.0688934,
          -0.2859261
        ]
      },
      "properties": {
        "name": "Nyayo Gardens",
        "category": "NATURE",
        "osm_type": "way",
        "osm_id": 150759351,
        "address": "",
        "phone": "",
        "email": "",
        "website": "",
        "opening_hours": "",
        "description": "",
        "wikipedia": "",
        "wikidata": "",
        "osm_url": "https://www.openstreetmap.org/way/150759351",
        "operator": "",
        "cuisine": "",
        "religion": "",
        "denomination": "",
        "tourism": "",
        "amenity": "",
        "historic": "",
        "leisure": "park"
      }
    },
    {
      "type": "Feature",
      "geometry": {
        "type": "Point",
        "coordinates": [
          36.2833001,
          -0.4517425
        ]
      },
      "properties": {
        "name": "Kariandusi pre-historic site",
        "category": "NATURE",
        "osm_type": "way",
        "osm_id": 295490883,
        "address": "",
        "phone": "",
        "email": "",
        "website": "",
        "opening_hours": "",
        "description": "",
        "wikipedia": "",
        "wikidata": "Q18392914",
        "osm_url": "https://www.openstreetmap.org/way/295490883",
        "operator": "",
        "cuisine": "",
        "religion": "",
        "denomination": "",
        "tourism": "",
        "amenity": "",
        "historic": "yes",
        "leisure": "park"
      }
    },
    {
      "type": "Feature",
      "geometry": {
        "type": "Point",
        "coordinates": [
          36.0751929,
          -0.283936
        ]
      },
      "properties": {
        "name": "Lions Club Gardens (Mololine)",
        "category": "NATURE",
        "osm_type": "way",
        "osm_id": 421263694,
        "address": "",
        "phone": "",
        "email": "",
        "website": "",
        "opening_hours": "",
        "description": "",
        "wikipedia": "",
        "wikidata": "",
        "osm_url": "https://www.openstreetmap.org/way/421263694",
        "operator": "",
        "cuisine": "",
        "religion": "",
        "denomination": "",
        "tourism": "",
        "amenity": "",
        "historic": "",
        "leisure": "park"
      }
    },
    {
      "type": "Feature",
      "geometry": {
        "type": "Point",
        "coordinates": [
          36.072478,
          -0.2953261
        ]
      },
      "properties": {
        "name": "Afraha Field",
        "category": "NATURE",
        "osm_type": "way",
        "osm_id": 488349501,
        "address": "",
        "phone": "",
        "email": "",
        "website": "",
        "opening_hours": "",
        "description": "",
        "wikipedia": "",
        "wikidata": "",
        "osm_url": "https://www.openstreetmap.org/way/488349501",
        "operator": "",
        "cuisine": "",
        "religion": "",
        "denomination": "",
        "tourism": "",
        "amenity": "",
        "historic": "",
        "leisure": "park"
      }
    },
    {
      "type": "Feature",
      "geometry": {
        "type": "Point",
        "coordinates": [
          36.0654885,
          -0.2914561
        ]
      },
      "properties": {
        "name": "Nakuru Athletics Club",
        "category": "NATURE",
        "osm_type": "way",
        "osm_id": 488510392,
        "address": "",
        "phone": "",
        "email": "",
        "website": "",
        "opening_hours": "",
        "description": "",
        "wikipedia": "",
        "wikidata": "",
        "osm_url": "https://www.openstreetmap.org/way/488510392",
        "operator": "",
        "cuisine": "",
        "religion": "",
        "denomination": "",
        "tourism": "",
        "amenity": "",
        "historic": "",
        "leisure": "park"
      }
    },
    {
      "type": "Feature",
      "geometry": {
        "type": "Point",
        "coordinates": [
          36.0672889,
          -0.2051708
        ]
      },
      "properties": {
        "name": "Menengai Crater",
        "category": "NATURE",
        "osm_type": "way",
        "osm_id": 503285113,
        "address": "",
        "phone": "",
        "email": "",
        "website": "",
        "opening_hours": "",
        "description": "",
        "wikipedia": "",
        "wikidata": "",
        "osm_url": "https://www.openstreetmap.org/way/503285113",
        "operator": "",
        "cuisine": "",
        "religion": "",
        "denomination": "",
        "tourism": "",
        "amenity": "",
        "historic": "",
        "leisure": ""
      }
    },
    {
      "type": "Feature",
      "geometry": {
        "type": "Point",
        "coordinates": [
          36.3162739,
          -0.814555
        ]
      },
      "properties": {
        "name": "Elsamere Nature Reserve",
        "category": "NATURE",
        "osm_type": "way",
        "osm_id": 575071946,
        "address": "",
        "phone": "",
        "email": "",
        "website": "",
        "opening_hours": "",
        "description": "",
        "wikipedia": "",
        "wikidata": "",
        "osm_url": "https://www.openstreetmap.org/way/575071946",
        "operator": "",
        "cuisine": "",
        "religion": "",
        "denomination": "",
        "tourism": "",
        "amenity": "",
        "historic": "",
        "leisure": "nature_reserve"
      }
    },
    {
      "type": "Feature",
      "geometry": {
        "type": "Point",
        "coordinates": [
          35.9735317,
          -0.2740463
        ]
      },
      "properties": {
        "name": "rock and flower garden",
        "category": "NATURE",
        "osm_type": "way",
        "osm_id": 613465149,
        "address": "",
        "phone": "",
        "email": "",
        "website": "",
        "opening_hours": "",
        "description": "",
        "wikipedia": "",
        "wikidata": "",
        "osm_url": "https://www.openstreetmap.org/way/613465149",
        "operator": "",
        "cuisine": "",
        "religion": "",
        "denomination": "",
        "tourism": "",
        "amenity": "",
        "historic": "",
        "leisure": "park"
      }
    },
    {
      "type": "Feature",
      "geometry": {
        "type": "Point",
        "coordinates": [
          36.1837098,
          -0.4513658
        ]
      },
      "properties": {
        "name": "Soysambu Conservancy",
        "category": "NATURE",
        "osm_type": "way",
        "osm_id": 1029859106,
        "address": "",
        "phone": "",
        "email": "",
        "website": "",
        "opening_hours": "",
        "description": "",
        "wikipedia": "",
        "wikidata": "",
        "osm_url": "https://www.openstreetmap.org/way/1029859106",
        "operator": "",
        "cuisine": "",
        "religion": "",
        "denomination": "",
        "tourism": "",
        "amenity": "",
        "historic": "",
        "leisure": "nature_reserve"
      }
    },
    {
      "type": "Feature",
      "geometry": {
        "type": "Point",
        "coordinates": [
          36.3891748,
          -0.5581744
        ]
      },
      "properties": {
        "name": "Kigio Wildlife Conservancy",
        "category": "NATURE",
        "osm_type": "way",
        "osm_id": 1054057557,
        "address": "",
        "phone": "",
        "email": "",
        "website": "",
        "opening_hours": "",
        "description": "",
        "wikipedia": "",
        "wikidata": "Q6405950",
        "osm_url": "https://www.openstreetmap.org/way/1054057557",
        "operator": "",
        "cuisine": "",
        "religion": "",
        "denomination": "",
        "tourism": "",
        "amenity": "",
        "historic": "",
        "leisure": "nature_reserve"
      }
    },
    {
      "type": "Feature",
      "geometry": {
        "type": "Point",
        "coordinates": [
          36.2552159,
          -0.8578557
        ]
      },
      "properties": {
        "name": "Oserongoni Wildlife Sanctuary & Oserian Two Lakes Estate",
        "category": "NATURE",
        "osm_type": "way",
        "osm_id": 1054152558,
        "address": "",
        "phone": "",
        "email": "",
        "website": "",
        "opening_hours": "",
        "description": "",
        "wikipedia": "",
        "wikidata": "",
        "osm_url": "https://www.openstreetmap.org/way/1054152558",
        "operator": "",
        "cuisine": "",
        "religion": "",
        "denomination": "",
        "tourism": "",
        "amenity": "",
        "historic": "",
        "leisure": "nature_reserve"
      }
    },
    {
      "type": "Feature",
      "geometry": {
        "type": "Point",
        "coordinates": [
          36.300191,
          -0.6842585
        ]
      },
      "properties": {
        "name": "Loldia Farm Conservancy",
        "category": "NATURE",
        "osm_type": "way",
        "osm_id": 1054152559,
        "address": "",
        "phone": "",
        "email": "",
        "website": "",
        "opening_hours": "",
        "description": "",
        "wikipedia": "",
        "wikidata": "",
        "osm_url": "https://www.openstreetmap.org/way/1054152559",
        "operator": "",
        "cuisine": "",
        "religion": "",
        "denomination": "",
        "tourism": "",
        "amenity": "",
        "historic": "",
        "leisure": "nature_reserve"
      }
    },
    {
      "type": "Feature",
      "geometry": {
        "type": "Point",
        "coordinates": [
          36.4102466,
          -0.7770381
        ]
      },
      "properties": {
        "name": "Crescent Island Widlife Sanctuary",
        "category": "NATURE",
        "osm_type": "way",
        "osm_id": 1072030272,
        "address": "",
        "phone": "",
        "email": "info@sanctuaryfarmkenya.com",
        "website": "http://www.sanctuaryfarmkenya.com/index.php/home",
        "opening_hours": "",
        "description": "",
        "wikipedia": "",
        "wikidata": "",
        "osm_url": "https://www.openstreetmap.org/way/1072030272",
        "operator": "",
        "cuisine": "",
        "religion": "",
        "denomination": "",
        "tourism": "",
        "amenity": "",
        "historic": "",
        "leisure": "nature_reserve"
      }
    },
    {
      "type": "Feature",
      "geometry": {
        "type": "Point",
        "coordinates": [
          36.2649284,
          -0.7996824
        ]
      },
      "properties": {
        "name": "Mundui Conservancy",
        "category": "NATURE",
        "osm_type": "way",
        "osm_id": 1120438187,
        "address": "",
        "phone": "",
        "email": "",
        "website": "",
        "opening_hours": "",
        "description": "",
        "wikipedia": "",
        "wikidata": "",
        "osm_url": "https://www.openstreetmap.org/way/1120438187",
        "operator": "",
        "cuisine": "",
        "religion": "",
        "denomination": "",
        "tourism": "",
        "amenity": "",
        "historic": "",
        "leisure": "nature_reserve"
      }
    },
    {
      "type": "Feature",
      "geometry": {
        "type": "Point",
        "coordinates": [
          36.2607237,
          -0.780499
        ]
      },
      "properties": {
        "name": "Crater Lake Conservancy",
        "category": "NATURE",
        "osm_type": "way",
        "osm_id": 1126166468,
        "address": "",
        "phone": "",
        "email": "",
        "website": "",
        "opening_hours": "",
        "description": "",
        "wikipedia": "",
        "wikidata": "",
        "osm_url": "https://www.openstreetmap.org/way/1126166468",
        "operator": "",
        "cuisine": "",
        "religion": "",
        "denomination": "",
        "tourism": "",
        "amenity": "",
        "historic": "",
        "leisure": "nature_reserve"
      }
    },
    {
      "type": "Feature",
      "geometry": {
        "type": "Point",
        "coordinates": [
          36.3604872,
          -0.6154833
        ]
      },
      "properties": {
        "name": "Marula Estate Conservancy",
        "category": "NATURE",
        "osm_type": "way",
        "osm_id": 1127574558,
        "address": "",
        "phone": "",
        "email": "",
        "website": "",
        "opening_hours": "",
        "description": "",
        "wikipedia": "",
        "wikidata": "",
        "osm_url": "https://www.openstreetmap.org/way/1127574558",
        "operator": "",
        "cuisine": "",
        "religion": "",
        "denomination": "",
        "tourism": "",
        "amenity": "",
        "historic": "",
        "leisure": "nature_reserve"
      }
    },
    {
      "type": "Feature",
      "geometry": {
        "type": "Point",
        "coordinates": [
          36.2826216,
          -0.7644486
        ]
      },
      "properties": {
        "name": "Lentolia Conservancy",
        "category": "NATURE",
        "osm_type": "way",
        "osm_id": 1248794112,
        "address": "",
        "phone": "",
        "email": "",
        "website": "",
        "opening_hours": "",
        "description": "",
        "wikipedia": "",
        "wikidata": "",
        "osm_url": "https://www.openstreetmap.org/way/1248794112",
        "operator": "",
        "cuisine": "",
        "religion": "",
        "denomination": "",
        "tourism": "",
        "amenity": "",
        "historic": "",
        "leisure": "nature_reserve"
      }
    },
    {
      "type": "Feature",
      "geometry": {
        "type": "Point",
        "coordinates": [
          36.2734952,
          -0.7647502
        ]
      },
      "properties": {
        "name": "Ecoscapes Sanctuary Conservancy",
        "category": "NATURE",
        "osm_type": "way",
        "osm_id": 1334759066,
        "address": "",
        "phone": "",
        "email": "",
        "website": "",
        "opening_hours": "",
        "description": "",
        "wikipedia": "",
        "wikidata": "",
        "osm_url": "https://www.openstreetmap.org/way/1334759066",
        "operator": "",
        "cuisine": "",
        "religion": "",
        "denomination": "",
        "tourism": "",
        "amenity": "",
        "historic": "",
        "leisure": "nature_reserve"
      }
    },
    {
      "type": "Feature",
      "geometry": {
        "type": "Point",
        "coordinates": [
          36.1486204,
          -0.0904896
        ]
      },
      "properties": {
        "name": "Solai Sanctuary",
        "category": "NATURE",
        "osm_type": "way",
        "osm_id": 1334855431,
        "address": "",
        "phone": "",
        "email": "",
        "website": "",
        "opening_hours": "",
        "description": "",
        "wikipedia": "",
        "wikidata": "",
        "osm_url": "https://www.openstreetmap.org/way/1334855431",
        "operator": "",
        "cuisine": "",
        "religion": "",
        "denomination": "",
        "tourism": "",
        "amenity": "",
        "historic": "",
        "leisure": "nature_reserve"
      }
    },
    {
      "type": "Feature",
      "geometry": {
        "type": "Point",
        "coordinates": [
          36.2711077,
          -0.7127684
        ]
      },
      "properties": {
        "name": "Ol Suswa Conservancy (not offcial boundaries)",
        "category": "NATURE",
        "osm_type": "way",
        "osm_id": 1429214423,
        "address": "",
        "phone": "",
        "email": "",
        "website": "",
        "opening_hours": "",
        "description": "",
        "wikipedia": "",
        "wikidata": "",
        "osm_url": "https://www.openstreetmap.org/way/1429214423",
        "operator": "",
        "cuisine": "",
        "religion": "",
        "denomination": "",
        "tourism": "",
        "amenity": "",
        "historic": "",
        "leisure": "nature_reserve"
      }
    },
    {
      "type": "Feature",
      "geometry": {
        "type": "Point",
        "coordinates": [
          36.2896159,
          -0.7236383
        ]
      },
      "properties": {
        "name": "Sirroco Wildlife Sanctuary",
        "category": "NATURE",
        "osm_type": "way",
        "osm_id": 1430484084,
        "address": "",
        "phone": "",
        "email": "",
        "website": "",
        "opening_hours": "",
        "description": "",
        "wikipedia": "",
        "wikidata": "",
        "osm_url": "https://www.openstreetmap.org/way/1430484084",
        "operator": "",
        "cuisine": "",
        "religion": "",
        "denomination": "",
        "tourism": "",
        "amenity": "",
        "historic": "",
        "leisure": "nature_reserve"
      }
    },
    {
      "type": "Feature",
      "geometry": {
        "type": "Point",
        "coordinates": [
          36.2748435,
          -0.7537587
        ]
      },
      "properties": {
        "name": "Wileli Conservancy",
        "category": "NATURE",
        "osm_type": "way",
        "osm_id": 1430484085,
        "address": "",
        "phone": "",
        "email": "",
        "website": "",
        "opening_hours": "",
        "description": "",
        "wikipedia": "",
        "wikidata": "",
        "osm_url": "https://www.openstreetmap.org/way/1430484085",
        "operator": "",
        "cuisine": "",
        "religion": "",
        "denomination": "",
        "tourism": "",
        "amenity": "",
        "historic": "",
        "leisure": "nature_reserve"
      }
    },
    {
      "type": "Feature",
      "geometry": {
        "type": "Point",
        "coordinates": [
          36.3316704,
          -0.6742874
        ]
      },
      "properties": {
        "name": "Malewa Bay Wildlife Estate",
        "category": "NATURE",
        "osm_type": "way",
        "osm_id": 1430521396,
        "address": "",
        "phone": "",
        "email": "",
        "website": "",
        "opening_hours": "",
        "description": "",
        "wikipedia": "",
        "wikidata": "",
        "osm_url": "https://www.openstreetmap.org/way/1430521396",
        "operator": "",
        "cuisine": "",
        "religion": "",
        "denomination": "",
        "tourism": "",
        "amenity": "",
        "historic": "",
        "leisure": "nature_reserve"
      }
    },
    {
      "type": "Feature",
      "geometry": {
        "type": "Point",
        "coordinates": [
          36.2797094,
          -0.6881024
        ]
      },
      "properties": {
        "name": "Loldia Viewlands Conservancy",
        "category": "NATURE",
        "osm_type": "way",
        "osm_id": 1430579806,
        "address": "",
        "phone": "",
        "email": "",
        "website": "",
        "opening_hours": "",
        "description": "",
        "wikipedia": "",
        "wikidata": "",
        "osm_url": "https://www.openstreetmap.org/way/1430579806",
        "operator": "",
        "cuisine": "",
        "religion": "",
        "denomination": "",
        "tourism": "",
        "amenity": "",
        "historic": "",
        "leisure": "nature_reserve"
      }
    },
    {
      "type": "Feature",
      "geometry": {
        "type": "Point",
        "coordinates": [
          36.3021006,
          -0.6632279
        ]
      },
      "properties": {
        "name": "Green Park Wildlife Estate",
        "category": "NATURE",
        "osm_type": "way",
        "osm_id": 1431995693,
        "address": "",
        "phone": "",
        "email": "",
        "website": "",
        "opening_hours": "",
        "description": "",
        "wikipedia": "",
        "wikidata": "",
        "osm_url": "https://www.openstreetmap.org/way/1431995693",
        "operator": "",
        "cuisine": "",
        "religion": "",
        "denomination": "",
        "tourism": "",
        "amenity": "",
        "historic": "",
        "leisure": "nature_reserve"
      }
    },
    {
      "type": "Feature",
      "geometry": {
        "type": "Point",
        "coordinates": [
          36.4298585,
          -0.6031759
        ]
      },
      "properties": {
        "name": "Malu Private Forest Reserve & Ranch",
        "category": "NATURE",
        "osm_type": "way",
        "osm_id": 1432222350,
        "address": "",
        "phone": "",
        "email": "",
        "website": "",
        "opening_hours": "",
        "description": "",
        "wikipedia": "",
        "wikidata": "",
        "osm_url": "https://www.openstreetmap.org/way/1432222350",
        "operator": "",
        "cuisine": "",
        "religion": "",
        "denomination": "",
        "tourism": "",
        "amenity": "",
        "historic": "",
        "leisure": "nature_reserve"
      }
    },
    {
      "type": "Feature",
      "geometry": {
        "type": "Point",
        "coordinates": [
          36.078028,
          -0.286157
        ]
      },
      "properties": {
        "name": "Menengai Park",
        "category": "NATURE",
        "osm_type": "way",
        "osm_id": 1525064740,
        "address": "",
        "phone": "",
        "email": "",
        "website": "",
        "opening_hours": "",
        "description": "",
        "wikipedia": "",
        "wikidata": "",
        "osm_url": "https://www.openstreetmap.org/way/1525064740",
        "operator": "",
        "cuisine": "",
        "religion": "",
        "denomination": "",
        "tourism": "",
        "amenity": "",
        "historic": "",
        "leisure": "park"
      }
    },
    {
      "type": "Feature",
      "geometry": {
        "type": "Point",
        "coordinates": [
          36.4528318,
          -0.722612
        ]
      },
      "properties": {
        "name": "Naivasha Wildlife Sanctuary",
        "category": "NATURE",
        "osm_type": "relation",
        "osm_id": 15089814,
        "address": "",
        "phone": "",
        "email": "",
        "website": "",
        "opening_hours": "",
        "description": "",
        "wikipedia": "",
        "wikidata": "",
        "osm_url": "https://www.openstreetmap.org/relation/15089814",
        "operator": "",
        "cuisine": "",
        "religion": "",
        "denomination": "",
        "tourism": "",
        "amenity": "",
        "historic": "",
        "leisure": "nature_reserve"
      }
    },
    {
      "type": "Feature",
      "geometry": {
        "type": "Point",
        "coordinates": [
          36.2984536,
          -0.8024739
        ]
      },
      "properties": {
        "name": "Hippo point Conservancy",
        "category": "NATURE",
        "osm_type": "relation",
        "osm_id": 19609077,
        "address": "",
        "phone": "",
        "email": "",
        "website": "",
        "opening_hours": "",
        "description": "",
        "wikipedia": "",
        "wikidata": "",
        "osm_url": "https://www.openstreetmap.org/relation/19609077",
        "operator": "",
        "cuisine": "",
        "religion": "",
        "denomination": "",
        "tourism": "",
        "amenity": "",
        "historic": "",
        "leisure": "nature_reserve"
      }
    },
    {
      "type": "Feature",
      "geometry": {
        "type": "Point",
        "coordinates": [
          36.1927361,
          -0.6569788
        ]
      },
      "properties": {
        "name": "Eburu Forest Reserve",
        "category": "NATURE",
        "osm_type": "relation",
        "osm_id": 21319123,
        "address": "",
        "phone": "",
        "email": "",
        "website": "",
        "opening_hours": "",
        "description": "",
        "wikipedia": "",
        "wikidata": "",
        "osm_url": "https://www.openstreetmap.org/relation/21319123",
        "operator": "",
        "cuisine": "",
        "religion": "",
        "denomination": "",
        "tourism": "",
        "amenity": "",
        "historic": "",
        "leisure": "nature_reserve"
      }
    }
  ]
}